country_iso3_code,wb_region,wb_region_id
ABW,Latin America & Caribbean,LCN
AFG,"Middle East, North Africa, Afghanistan & Pakistan",MEA
AGO,Sub-Saharan Africa,SSF
ALB,Europe & Central Asia,ECS
AND,Europe & Central Asia,ECS
ARE,"Middle East, North Africa, Afghanistan & Pakistan",MEA
ARG,Latin America & Caribbean,LCN
ARM,Europe & Central Asia,ECS
ASM,East Asia & Pacific,EAS
ATG,Latin America & Caribbean,LCN
AUS,East Asia & Pacific,EAS
AUT,Europe & Central Asia,ECS
AZE,Europe & Central Asia,ECS
BDI,Sub-Saharan Africa,SSF
BEL,Europe & Central Asia,ECS
BEN,Sub-Saharan Africa,SSF
BFA,Sub-Saharan Africa,SSF
BGD,South Asia,SAS
BGR,Europe & Central Asia,ECS
BHR,"Middle East, North Africa, Afghanistan & Pakistan",MEA
BHS,Latin America & Caribbean,LCN
BIH,Europe & Central Asia,ECS
BLR,Europe & Central Asia,ECS
BLZ,Latin America & Caribbean,LCN
BMU,North America,NAC
BOL,Latin America & Caribbean,LCN
BRA,Latin America & Caribbean,LCN
BRB,Latin America & Caribbean,LCN
BRN,East Asia & Pacific,EAS
BTN,South Asia,SAS
BWA,Sub-Saharan Africa,SSF
CAF,Sub-Saharan Africa,SSF
CAN,North America,NAC
CHE,Europe & Central Asia,ECS
CHI,Europe & Central Asia,ECS
CHL,Latin America & Caribbean,LCN
CHN,East Asia & Pacific,EAS
CIV,Sub-Saharan Africa,SSF
CMR,Sub-Saharan Africa,SSF
COD,Sub-Saharan Africa,SSF
COG,Sub-Saharan Africa,SSF
COL,Latin America & Caribbean,LCN
COM,Sub-Saharan Africa,SSF
CPV,Sub-Saharan Africa,SSF
CRI,Latin America & Caribbean,LCN
CUB,Latin America & Caribbean,LCN
CUW,Latin America & Caribbean,LCN
CYM,Latin America & Caribbean,LCN
CYP,Europe & Central Asia,ECS
CZE,Europe & Central Asia,ECS
DEU,Europe & Central Asia,ECS
DJI,"Middle East, North Africa, Afghanistan & Pakistan",MEA
DMA,Latin America & Caribbean,LCN
DNK,Europe & Central Asia,ECS
DOM,Latin America & Caribbean,LCN
DZA,"Middle East, North Africa, Afghanistan & Pakistan",MEA
ECU,Latin America & Caribbean,LCN
EGY,"Middle East, North Africa, Afghanistan & Pakistan",MEA
ERI,Sub-Saharan Africa,SSF
ESP,Europe & Central Asia,ECS
EST,Europe & Central Asia,ECS
ETH,Sub-Saharan Africa,SSF
FIN,Europe & Central Asia,ECS
FJI,East Asia & Pacific,EAS
FRA,Europe & Central Asia,ECS
FRO,Europe & Central Asia,ECS
FSM,East Asia & Pacific,EAS
GAB,Sub-Saharan Africa,SSF
GBR,Europe & Central Asia,ECS
GEO,Europe & Central Asia,ECS
GHA,Sub-Saharan Africa,SSF
GIB,Europe & Central Asia,ECS
GIN,Sub-Saharan Africa,SSF
GMB,Sub-Saharan Africa,SSF
GNB,Sub-Saharan Africa,SSF
GNQ,Sub-Saharan Africa,SSF
GRC,Europe & Central Asia,ECS
GRD,Latin America & Caribbean,LCN
GRL,Europe & Central Asia,ECS
GTM,Latin America & Caribbean,LCN
GUM,East Asia & Pacific,EAS
GUY,Latin America & Caribbean,LCN
HKG,East Asia & Pacific,EAS
HND,Latin America & Caribbean,LCN
HRV,Europe & Central Asia,ECS
HTI,Latin America & Caribbean,LCN
HUN,Europe & Central Asia,ECS
IDN,East Asia & Pacific,EAS
IMN,Europe & Central Asia,ECS
IND,South Asia,SAS
IRL,Europe & Central Asia,ECS
IRN,"Middle East, North Africa, Afghanistan & Pakistan",MEA
IRQ,"Middle East, North Africa, Afghanistan & Pakistan",MEA
ISL,Europe & Central Asia,ECS
ISR,"Middle East, North Africa, Afghanistan & Pakistan",MEA
ITA,Europe & Central Asia,ECS
JAM,Latin America & Caribbean,LCN
JOR,"Middle East, North Africa, Afghanistan & Pakistan",MEA
JPN,East Asia & Pacific,EAS
KAZ,Europe & Central Asia,ECS
KEN,Sub-Saharan Africa,SSF
KGZ,Europe & Central Asia,ECS
KHM,East Asia & Pacific,EAS
KIR,East Asia & Pacific,EAS
KNA,Latin America & Caribbean,LCN
KOR,East Asia & Pacific,EAS
KWT,"Middle East, North Africa, Afghanistan & Pakistan",MEA
LAO,East Asia & Pacific,EAS
LBN,"Middle East, North Africa, Afghanistan & Pakistan",MEA
LBR,Sub-Saharan Africa,SSF
LBY,"Middle East, North Africa, Afghanistan & Pakistan",MEA
LCA,Latin America & Caribbean,LCN
LIE,Europe & Central Asia,ECS
LKA,South Asia,SAS
LSO,Sub-Saharan Africa,SSF
LTU,Europe & Central Asia,ECS
LUX,Europe & Central Asia,ECS
LVA,Europe & Central Asia,ECS
MAC,East Asia & Pacific,EAS
MAF,Latin America & Caribbean,LCN
MAR,"Middle East, North Africa, Afghanistan & Pakistan",MEA
MCO,Europe & Central Asia,ECS
MDA,Europe & Central Asia,ECS
MDG,Sub-Saharan Africa,SSF
MDV,South Asia,SAS
MEX,Latin America & Caribbean,LCN
MHL,East Asia & Pacific,EAS
MKD,Europe & Central Asia,ECS
MLI,Sub-Saharan Africa,SSF
MLT,"Middle East, North Africa, Afghanistan & Pakistan",MEA
MMR,East Asia & Pacific,EAS
MNE,Europe & Central Asia,ECS
MNG,East Asia & Pacific,EAS
MNP,East Asia & Pacific,EAS
MOZ,Sub-Saharan Africa,SSF
MRT,Sub-Saharan Africa,SSF
MUS,Sub-Saharan Africa,SSF
MWI,Sub-Saharan Africa,SSF
MYS,East Asia & Pacific,EAS
NAM,Sub-Saharan Africa,SSF
NCL,East Asia & Pacific,EAS
NER,Sub-Saharan Africa,SSF
NGA,Sub-Saharan Africa,SSF
NIC,Latin America & Caribbean,LCN
NLD,Europe & Central Asia,ECS
NOR,Europe & Central Asia,ECS
NPL,South Asia,SAS
NRU,East Asia & Pacific,EAS
NZL,East Asia & Pacific,EAS
OMN,"Middle East, North Africa, Afghanistan & Pakistan",MEA
PAK,"Middle East, North Africa, Afghanistan & Pakistan",MEA
PAN,Latin America & Caribbean,LCN
PER,Latin America & Caribbean,LCN
PHL,East Asia & Pacific,EAS
PLW,East Asia & Pacific,EAS
PNG,East Asia & Pacific,EAS
POL,Europe & Central Asia,ECS
PRI,Latin America & Caribbean,LCN
PRK,East Asia & Pacific,EAS
PRT,Europe & Central Asia,ECS
PRY,Latin America & Caribbean,LCN
PSE,"Middle East, North Africa, Afghanistan & Pakistan",MEA
PYF,East Asia & Pacific,EAS
QAT,"Middle East, North Africa, Afghanistan & Pakistan",MEA
ROU,Europe & Central Asia,ECS
RUS,Europe & Central Asia,ECS
RWA,Sub-Saharan Africa,SSF
SAU,"Middle East, North Africa, Afghanistan & Pakistan",MEA
SDN,Sub-Saharan Africa,SSF
SEN,Sub-Saharan Africa,SSF
SGP,East Asia & Pacific,EAS
SLB,East Asia & Pacific,EAS
SLE,Sub-Saharan Africa,SSF
SLV,Latin America & Caribbean,LCN
SMR,Europe & Central Asia,ECS
SOM,Sub-Saharan Africa,SSF
SRB,Europe & Central Asia,ECS
SSD,Sub-Saharan Africa,SSF
STP,Sub-Saharan Africa,SSF
SUR,Latin America & Caribbean,LCN
SVK,Europe & Central Asia,ECS
SVN,Europe & Central Asia,ECS
SWE,Europe & Central Asia,ECS
SWZ,Sub-Saharan Africa,SSF
SXM,Latin America & Caribbean,LCN
SYC,Sub-Saharan Africa,SSF
SYR,"Middle East, North Africa, Afghanistan & Pakistan",MEA
TCA,Latin America & Caribbean,LCN
TCD,Sub-Saharan Africa,SSF
TGO,Sub-Saharan Africa,SSF
THA,East Asia & Pacific,EAS
TJK,Europe & Central Asia,ECS
TKM,Europe & Central Asia,ECS
TLS,East Asia & Pacific,EAS
TON,East Asia & Pacific,EAS
TTO,Latin America & Caribbean,LCN
TUN,"Middle East, North Africa, Afghanistan & Pakistan",MEA
TUR,Europe & Central Asia,ECS
TUV,East Asia & Pacific,EAS
TZA,Sub-Saharan Africa,SSF
UGA,Sub-Saharan Africa,SSF
UKR,Europe & Central Asia,ECS
URY,Latin America & Caribbean,LCN
USA,North America,NAC
UZB,Europe & Central Asia,ECS
VCT,Latin America & Caribbean,LCN
VEN,Latin America & Caribbean,LCN
VGB,Latin America & Caribbean,LCN
VIR,Latin America & Caribbean,LCN
VNM,East Asia & Pacific,EAS
VUT,East Asia & Pacific,EAS
WSM,East Asia & Pacific,EAS
XKX,Europe & Central Asia,ECS
YEM,"Middle East, North Africa, Afghanistan & Pakistan",MEA
ZAF,Sub-Saharan Africa,SSF
ZMB,Sub-Saharan Africa,SSF
ZWE,Sub-Saharan Africa,SSF
