country_iso3_code,cate_mean_country,dv
COD,-0.5777940946321056,DV1_GVC_Linkage_Change
AGO,-0.43634586890815996,DV1_GVC_Linkage_Change
BGD,-0.15026472757450382,DV1_GVC_Linkage_Change
CIV,-0.12686101531150584,DV1_GVC_Linkage_Change
BLR,-0.12645235659674064,DV1_GVC_Linkage_Change
PAK,-0.11472440973093868,DV1_GVC_Linkage_Change
CHN,-0.06874316263575725,DV1_GVC_Linkage_Change
MAR,-0.05545869470866641,DV1_GVC_Linkage_Change
CMR,-0.04800478245438183,DV1_GVC_Linkage_Change
KOR,-0.04680083279461064,DV1_GVC_Linkage_Change
USA,-0.026473928059731627,DV1_GVC_Linkage_Change
KHM,-0.007697507852752349,DV1_GVC_Linkage_Change
FRA,0.003776459162350353,DV1_GVC_Linkage_Change
GBR,0.011779711792708,DV1_GVC_Linkage_Change
TUR,0.03364438798162728,DV1_GVC_Linkage_Change
PHL,0.04272757236086604,DV1_GVC_Linkage_Change
DEU,0.04286767200793943,DV1_GVC_Linkage_Change
SAU,0.06528555691511301,DV1_GVC_Linkage_Change
ISR,0.07192891511707307,DV1_GVC_Linkage_Change
THA,0.07585456880255667,DV1_GVC_Linkage_Change
UKR,0.07853586818388138,DV1_GVC_Linkage_Change
FIN,0.0865626945994143,DV1_GVC_Linkage_Change
ROU,0.10183027468976502,DV1_GVC_Linkage_Change
ITA,0.102290397063801,DV1_GVC_Linkage_Change
CZE,0.10400749029528636,DV1_GVC_Linkage_Change
KAZ,0.12224540125654196,DV1_GVC_Linkage_Change
ESP,0.12616258125232002,DV1_GVC_Linkage_Change
JPN,0.12848891234639626,DV1_GVC_Linkage_Change
SVN,0.13509167145262843,DV1_GVC_Linkage_Change
BGR,0.14322435547153342,DV1_GVC_Linkage_Change
LVA,0.15290201341917753,DV1_GVC_Linkage_Change
CRI,0.1608490365997079,DV1_GVC_Linkage_Change
AUT,0.16319991124162841,DV1_GVC_Linkage_Change
EST,0.1712465054292149,DV1_GVC_Linkage_Change
SWE,0.17297777047101823,DV1_GVC_Linkage_Change
NZL,0.1740451098682229,DV1_GVC_Linkage_Change
LTU,0.17446600549126515,DV1_GVC_Linkage_Change
IND,0.17936664891687737,DV1_GVC_Linkage_Change
HRV,0.1870530341444425,DV1_GVC_Linkage_Change
LAO,0.20335366204655786,DV1_GVC_Linkage_Change
JOR,0.21523098290767326,DV1_GVC_Linkage_Change
MEX,0.21565251190477705,DV1_GVC_Linkage_Change
SEN,0.21628926229933454,DV1_GVC_Linkage_Change
CAN,0.22568517255569953,DV1_GVC_Linkage_Change
SVK,0.22578309676334657,DV1_GVC_Linkage_Change
IRL,0.2357370154472214,DV1_GVC_Linkage_Change
EGY,0.2447203680050296,DV1_GVC_Linkage_Change
GRC,0.2501194922759714,DV1_GVC_Linkage_Change
HUN,0.2539645541382039,DV1_GVC_Linkage_Change
PRT,0.25861198974612676,DV1_GVC_Linkage_Change
SGP,0.2609375188482017,DV1_GVC_Linkage_Change
DNK,0.2871292769501037,DV1_GVC_Linkage_Change
CHE,0.28974583227941014,DV1_GVC_Linkage_Change
BEL,0.3060146813308273,DV1_GVC_Linkage_Change
ISL,0.3137032195114411,DV1_GVC_Linkage_Change
POL,0.3432304211928305,DV1_GVC_Linkage_Change
LUX,0.35109505247533657,DV1_GVC_Linkage_Change
BRN,0.35132989088822614,DV1_GVC_Linkage_Change
NLD,0.3520226776983416,DV1_GVC_Linkage_Change
VNM,0.35614514428010097,DV1_GVC_Linkage_Change
RUS,0.3682723517165254,DV1_GVC_Linkage_Change
BRA,0.3794281831189612,DV1_GVC_Linkage_Change
MLT,0.3835025219693533,DV1_GVC_Linkage_Change
TUN,0.39369306042388197,DV1_GVC_Linkage_Change
ARG,0.40251833821610794,DV1_GVC_Linkage_Change
HKG,0.42664901383031095,DV1_GVC_Linkage_Change
IDN,0.44386712049522886,DV1_GVC_Linkage_Change
CYP,0.45315886643595743,DV1_GVC_Linkage_Change
COL,0.4626339012933837,DV1_GVC_Linkage_Change
ZAF,0.49648904493977664,DV1_GVC_Linkage_Change
ARE,0.5371078418420661,DV1_GVC_Linkage_Change
MYS,0.5757049133884229,DV1_GVC_Linkage_Change
PER,0.611925144050852,DV1_GVC_Linkage_Change
NOR,0.6778182583387181,DV1_GVC_Linkage_Change
CHL,0.6927951938187094,DV1_GVC_Linkage_Change
AUS,0.7794666084974755,DV1_GVC_Linkage_Change
VEN,-0.32713361091566134,DV2_Export_Recovery
GUM,-0.30812181424724505,DV2_Export_Recovery
PSE,-0.17429600956953045,DV2_Export_Recovery
BMU,-0.17327256422884335,DV2_Export_Recovery
BHS,-0.16292769487753317,DV2_Export_Recovery
SAU,-0.16100460429166225,DV2_Export_Recovery
ASM,-0.1470643018963161,DV2_Export_Recovery
LBN,-0.1410342521780627,DV2_Export_Recovery
KWT,-0.14009248492746987,DV2_Export_Recovery
NRU,-0.13667075797749872,DV2_Export_Recovery
ISL,-0.12352488966253561,DV2_Export_Recovery
JPN,-0.11717913238298883,DV2_Export_Recovery
GRC,-0.11520810034275977,DV2_Export_Recovery
ISR,-0.10962955427114833,DV2_Export_Recovery
TUR,-0.09849153025797008,DV2_Export_Recovery
PYF,-0.08981504564771199,DV2_Export_Recovery
FRA,-0.08884918674569357,DV2_Export_Recovery
PRT,-0.08430215944489157,DV2_Export_Recovery
FIN,-0.08360589719747527,DV2_Export_Recovery
DEU,-0.08229606766450732,DV2_Export_Recovery
ESP,-0.08211702583123734,DV2_Export_Recovery
KOR,-0.08169942191611591,DV2_Export_Recovery
ITA,-0.08122845130566808,DV2_Export_Recovery
QAT,-0.0731450621112603,DV2_Export_Recovery
GBR,-0.06170367826277211,DV2_Export_Recovery
LKA,-0.056989655133316885,DV2_Export_Recovery
CRI,-0.048874933923406264,DV2_Export_Recovery
PLW,-0.047852211225568195,DV2_Export_Recovery
USA,-0.04671591196632511,DV2_Export_Recovery
ABW,-0.04655457750643516,DV2_Export_Recovery
GAB,-0.04356636159321718,DV2_Export_Recovery
OMN,-0.04151659297658842,DV2_Export_Recovery
PAN,-0.03862060146942231,DV2_Export_Recovery
AZE,-0.038451747879870844,DV2_Export_Recovery
IRQ,-0.03838133444998004,DV2_Export_Recovery
HKG,-0.032052673672134845,DV2_Export_Recovery
KAZ,-0.02797918609554887,DV2_Export_Recovery
MAC,-0.025819217446490038,DV2_Export_Recovery
RUS,-0.023179793814999128,DV2_Export_Recovery
ATG,-0.016895723003373664,DV2_Export_Recovery
MLT,-0.016625121668308797,DV2_Export_Recovery
DOM,-0.011098930672075546,DV2_Export_Recovery
WSM,-0.00930478795522518,DV2_Export_Recovery
SWE,-0.004341596660015712,DV2_Export_Recovery
COL,-0.0022216229507998064,DV2_Export_Recovery
CAN,0.0005493189945859678,DV2_Export_Recovery
MHL,0.005092821742021169,DV2_Export_Recovery
SLV,0.007156442463389356,DV2_Export_Recovery
NZL,0.01167698237121655,DV2_Export_Recovery
DZA,0.013308509382083866,DV2_Export_Recovery
ARG,0.014826443138572964,DV2_Export_Recovery
BRN,0.017140226485560007,DV2_Export_Recovery
LBY,0.01967733176826645,DV2_Export_Recovery
SLE,0.020264358952827122,DV2_Export_Recovery
CHL,0.025554599403181767,DV2_Export_Recovery
NOR,0.02813534669008002,DV2_Export_Recovery
BIH,0.028405015347905294,DV2_Export_Recovery
TON,0.028585914561306946,DV2_Export_Recovery
URY,0.029105614531140578,DV2_Export_Recovery
PER,0.029146350066657757,DV2_Export_Recovery
IRN,0.031199107567029215,DV2_Export_Recovery
CHN,0.03135462999589074,DV2_Export_Recovery
CHE,0.03365258947483964,DV2_Export_Recovery
ROU,0.034943088465031615,DV2_Export_Recovery
HRV,0.037741909128174024,DV2_Export_Recovery
AUT,0.04058251173481988,DV2_Export_Recovery
AUS,0.041989248801824496,DV2_Export_Recovery
AGO,0.04948327654645783,DV2_Export_Recovery
BRA,0.04983176553060339,DV2_Export_Recovery
ZAF,0.051005317271436576,DV2_Export_Recovery
ARE,0.05371002049583384,DV2_Export_Recovery
PHL,0.05395043523539832,DV2_Export_Recovery
ARM,0.056061336638183204,DV2_Export_Recovery
CUB,0.05715337544605351,DV2_Export_Recovery
GTM,0.05740111993980226,DV2_Export_Recovery
LTU,0.057551853309241376,DV2_Export_Recovery
ECU,0.05791716107240922,DV2_Export_Recovery
ALB,0.05876494561091374,DV2_Export_Recovery
SVN,0.06099096268570945,DV2_Export_Recovery
UGA,0.06485994591438754,DV2_Export_Recovery
GEO,0.06832679927923521,DV2_Export_Recovery
BHR,0.07058056786050416,DV2_Export_Recovery
CZE,0.07093081924545928,DV2_Export_Recovery
SMR,0.0713400723168417,DV2_Export_Recovery
BEL,0.07159208733131614,DV2_Export_Recovery
MEX,0.07166443504603338,DV2_Export_Recovery
SVK,0.07218945285054412,DV2_Export_Recovery
CYP,0.07249744918711142,DV2_Export_Recovery
IRL,0.07276990375842221,DV2_Export_Recovery
IDN,0.07296147503827334,DV2_Export_Recovery
LUX,0.07426643843617405,DV2_Export_Recovery
SGP,0.0746077089541701,DV2_Export_Recovery
HUN,0.07487278419886148,DV2_Export_Recovery
TLS,0.07702476613283753,DV2_Export_Recovery
DNK,0.08106232362079704,DV2_Export_Recovery
MNE,0.08126027443772708,DV2_Export_Recovery
MUS,0.0815125250199668,DV2_Export_Recovery
SRB,0.08169140381682356,DV2_Export_Recovery
MDA,0.08174664286577264,DV2_Export_Recovery
SYC,0.08294302160256353,DV2_Export_Recovery
NLD,0.08540156664491663,DV2_Export_Recovery
JOR,0.0865458352618183,DV2_Export_Recovery
CYM,0.08830616716783984,DV2_Export_Recovery
PRY,0.09128946153682868,DV2_Export_Recovery
AFG,0.09216535561459938,DV2_Export_Recovery
EGY,0.09618628655675757,DV2_Export_Recovery
NPL,0.09778610131541983,DV2_Export_Recovery
IND,0.10002623522871094,DV2_Export_Recovery
SSD,0.10055721005754747,DV2_Export_Recovery
MDV,0.10205519500874632,DV2_Export_Recovery
MKD,0.10253464037612088,DV2_Export_Recovery
CAF,0.10308299417396918,DV2_Export_Recovery
RWA,0.10674746726015027,DV2_Export_Recovery
UZB,0.10728388935807102,DV2_Export_Recovery
BLZ,0.10802199778437933,DV2_Export_Recovery
BWA,0.11037504436635973,DV2_Export_Recovery
GRL,0.1127788400676504,DV2_Export_Recovery
BGR,0.1148072944531918,DV2_Export_Recovery
SYR,0.11504107537827335,DV2_Export_Recovery
NER,0.12029179220169435,DV2_Export_Recovery
YEM,0.12098536991096141,DV2_Export_Recovery
CPV,0.1224499086345983,DV2_Export_Recovery
NAM,0.1230890140407471,DV2_Export_Recovery
MAR,0.12644312614734407,DV2_Export_Recovery
SWZ,0.12768574099031782,DV2_Export_Recovery
KEN,0.12797123465577864,DV2_Export_Recovery
POL,0.13484015567328692,DV2_Export_Recovery
GHA,0.14579991906327042,DV2_Export_Recovery
TUN,0.14975087822398825,DV2_Export_Recovery
MLI,0.15161373505237621,DV2_Export_Recovery
MWI,0.1584341174250886,DV2_Export_Recovery
LVA,0.16065737976273584,DV2_Export_Recovery
SEN,0.16186410024246398,DV2_Export_Recovery
BLR,0.1679109459059825,DV2_Export_Recovery
BFA,0.17363425979821145,DV2_Export_Recovery
TKM,0.18438993505600443,DV2_Export_Recovery
TCD,0.18694110308474823,DV2_Export_Recovery
EST,0.18937195280671246,DV2_Export_Recovery
GNQ,0.18983402509055602,DV2_Export_Recovery
ZWE,0.19625569393858436,DV2_Export_Recovery
BTN,0.19969500338696314,DV2_Export_Recovery
TGO,0.20022160478620482,DV2_Export_Recovery
ZMB,0.2004298587657972,DV2_Export_Recovery
COD,0.2028249855745389,DV2_Export_Recovery
MYS,0.20392705536977068,DV2_Export_Recovery
TZA,0.20649313397253244,DV2_Export_Recovery
PAK,0.21355768238548384,DV2_Export_Recovery
BEN,0.21624588991530064,DV2_Export_Recovery
GMB,0.22450523586816398,DV2_Export_Recovery
ETH,0.2247038442527765,DV2_Export_Recovery
CMR,0.22605266989729453,DV2_Export_Recovery
THA,0.23026669021726423,DV2_Export_Recovery
COM,0.23054345449374863,DV2_Export_Recovery
SDN,0.235833783888574,DV2_Export_Recovery
BOL,0.24463522177681113,DV2_Export_Recovery
BGD,0.2550886547522894,DV2_Export_Recovery
CIV,0.25532810614389845,DV2_Export_Recovery
MNG,0.268861939585055,DV2_Export_Recovery
COG,0.2704091843217783,DV2_Export_Recovery
SLB,0.27171899391279786,DV2_Export_Recovery
UKR,0.2772387351141293,DV2_Export_Recovery
HTI,0.29647385177316576,DV2_Export_Recovery
KIR,0.298941557987732,DV2_Export_Recovery
MDG,0.29896011946712175,DV2_Export_Recovery
GNB,0.303772414214812,DV2_Export_Recovery
VNM,0.3345047945024099,DV2_Export_Recovery
KGZ,0.34224169113857617,DV2_Export_Recovery
HND,0.3428760758426458,DV2_Export_Recovery
SOM,0.3470265051636916,DV2_Export_Recovery
TJK,0.34711914112804015,DV2_Export_Recovery
DJI,0.3726740916904242,DV2_Export_Recovery
FSM,0.396052773263195,DV2_Export_Recovery
LSO,0.41037760686515556,DV2_Export_Recovery
LAO,0.4164894526695824,DV2_Export_Recovery
NIC,0.4238865402950004,DV2_Export_Recovery
MRT,0.43074738519882627,DV2_Export_Recovery
KHM,0.4829045320000128,DV2_Export_Recovery
VUT,0.5119197211013938,DV2_Export_Recovery
MOZ,0.5379554366740186,DV2_Export_Recovery
GIN,0.5560691716555708,DV2_Export_Recovery
CYP,-0.20762940009069472,DV3_Partner_Diversification
LTU,-0.19401365232874518,DV3_Partner_Diversification
SWE,-0.19149145735560147,DV3_Partner_Diversification
DNK,-0.19124310463445265,DV3_Partner_Diversification
NLD,-0.19043831131688443,DV3_Partner_Diversification
LVA,-0.18928597570642328,DV3_Partner_Diversification
DEU,-0.18652138413802702,DV3_Partner_Diversification
BEL,-0.1863362979230047,DV3_Partner_Diversification
BGR,-0.18556863105654392,DV3_Partner_Diversification
EST,-0.18310861067016856,DV3_Partner_Diversification
UKR,-0.18310796423171713,DV3_Partner_Diversification
CHE,-0.18280020792458188,DV3_Partner_Diversification
HRV,-0.18170003249530947,DV3_Partner_Diversification
SVN,-0.18118301444580856,DV3_Partner_Diversification
SVK,-0.17972930290969885,DV3_Partner_Diversification
THA,-0.17931781045355843,DV3_Partner_Diversification
SGP,-0.17624042153423414,DV3_Partner_Diversification
ARE,-0.17534317702225644,DV3_Partner_Diversification
MYS,-0.1745344337186305,DV3_Partner_Diversification
ROU,-0.17403973652781585,DV3_Partner_Diversification
IRL,-0.17000163529699694,DV3_Partner_Diversification
AUT,-0.1673976089384706,DV3_Partner_Diversification
HUN,-0.16550399365588034,DV3_Partner_Diversification
PRT,-0.1646777970934236,DV3_Partner_Diversification
HKG,-0.1643853042751227,DV3_Partner_Diversification
BHR,-0.16259055171741382,DV3_Partner_Diversification
PAN,-0.1623699712338525,DV3_Partner_Diversification
POL,-0.16197356855921038,DV3_Partner_Diversification
SMR,-0.16162676133890144,DV3_Partner_Diversification
LUX,-0.16105323163078392,DV3_Partner_Diversification
FIN,-0.16057949168512203,DV3_Partner_Diversification
CZE,-0.16033534542266187,DV3_Partner_Diversification
MLT,-0.15998892223023758,DV3_Partner_Diversification
MNE,-0.14841421407949298,DV3_Partner_Diversification
ABW,-0.14708642272920308,DV3_Partner_Diversification
TUN,-0.14596625058471752,DV3_Partner_Diversification
SYC,-0.1394019370989795,DV3_Partner_Diversification
VNM,-0.13869969584009353,DV3_Partner_Diversification
GEO,-0.134409545300506,DV3_Partner_Diversification
MUS,-0.13279667712906423,DV3_Partner_Diversification
BRN,-0.13276675777029062,DV3_Partner_Diversification
MOZ,-0.13132097335998066,DV3_Partner_Diversification
KHM,-0.1264211651287704,DV3_Partner_Diversification
GNQ,-0.12576583597280674,DV3_Partner_Diversification
JOR,-0.12465211753286454,DV3_Partner_Diversification
GRC,-0.12425306509613154,DV3_Partner_Diversification
KWT,-0.12202360480380296,DV3_Partner_Diversification
LBN,-0.11563637521821804,DV3_Partner_Diversification
KOR,-0.11252577648158521,DV3_Partner_Diversification
MDV,-0.112015933559941,DV3_Partner_Diversification
CRI,-0.10557582265298429,DV3_Partner_Diversification
SRB,-0.10425365079028448,DV3_Partner_Diversification
NAM,-0.10274728452882745,DV3_Partner_Diversification
FRA,-0.10242300236826889,DV3_Partner_Diversification
ASM,-0.10077746685054567,DV3_Partner_Diversification
NRU,-0.09922380763802639,DV3_Partner_Diversification
WSM,-0.09740512104997749,DV3_Partner_Diversification
QAT,-0.09687249492036537,DV3_Partner_Diversification
DOM,-0.09665245174568123,DV3_Partner_Diversification
DJI,-0.09334069627368155,DV3_Partner_Diversification
NOR,-0.0930389081419871,DV3_Partner_Diversification
SAU,-0.09273189867604263,DV3_Partner_Diversification
TON,-0.09247463048207367,DV3_Partner_Diversification
ITA,-0.09215990585420307,DV3_Partner_Diversification
ESP,-0.09148838332282719,DV3_Partner_Diversification
TUR,-0.09087819786996529,DV3_Partner_Diversification
OMN,-0.08853018528283517,DV3_Partner_Diversification
ARM,-0.08792718138027479,DV3_Partner_Diversification
BLR,-0.08784178275998682,DV3_Partner_Diversification
GIN,-0.0871244069176383,DV3_Partner_Diversification
KGZ,-0.08701388536559439,DV3_Partner_Diversification
GAB,-0.08350066304287887,DV3_Partner_Diversification
VEN,-0.08249220970837771,DV3_Partner_Diversification
BIH,-0.08235005841163948,DV3_Partner_Diversification
RUS,-0.08169976894740778,DV3_Partner_Diversification
ISL,-0.07980703763150941,DV3_Partner_Diversification
AZE,-0.0794062757291763,DV3_Partner_Diversification
GBR,-0.07824694385423756,DV3_Partner_Diversification
TGO,-0.07228116383441062,DV3_Partner_Diversification
LBY,-0.07009521895745027,DV3_Partner_Diversification
BHS,-0.06809248572550265,DV3_Partner_Diversification
LAO,-0.06718553855253118,DV3_Partner_Diversification
IND,-0.0654656992362471,DV3_Partner_Diversification
COG,-0.0645377448170124,DV3_Partner_Diversification
MRT,-0.06307276780228539,DV3_Partner_Diversification
MAC,-0.061756438313505115,DV3_Partner_Diversification
BLZ,-0.060364522612995866,DV3_Partner_Diversification
ZAF,-0.05901685839331815,DV3_Partner_Diversification
MWI,-0.056393021706779733,DV3_Partner_Diversification
CHN,-0.055963699726003714,DV3_Partner_Diversification
BOL,-0.05467613161386066,DV3_Partner_Diversification
BWA,-0.04912758306315553,DV3_Partner_Diversification
IDN,-0.048929141099364984,DV3_Partner_Diversification
CIV,-0.048797423570591025,DV3_Partner_Diversification
EGY,-0.04781115459148947,DV3_Partner_Diversification
NIC,-0.046850889697759815,DV3_Partner_Diversification
ZMB,-0.04672402380695029,DV3_Partner_Diversification
ALB,-0.04601881272110553,DV3_Partner_Diversification
MDG,-0.04444182065274473,DV3_Partner_Diversification
KAZ,-0.04350456881018498,DV3_Partner_Diversification
KEN,-0.04280081897595388,DV3_Partner_Diversification
MAR,-0.04232101621585428,DV3_Partner_Diversification
USA,-0.042298665176251124,DV3_Partner_Diversification
PHL,-0.0415988240778843,DV3_Partner_Diversification
TZA,-0.041236134684266124,DV3_Partner_Diversification
DZA,-0.038225630839019406,DV3_Partner_Diversification
ARG,-0.03781749648466035,DV3_Partner_Diversification
LKA,-0.03727634645923276,DV3_Partner_Diversification
GHA,-0.03470701885268286,DV3_Partner_Diversification
SEN,-0.03348433458976473,DV3_Partner_Diversification
FSM,-0.03184373263770124,DV3_Partner_Diversification
SLV,-0.031108047733924636,DV3_Partner_Diversification
LSO,-0.03027742149942536,DV3_Partner_Diversification
CMR,-0.029663954132489234,DV3_Partner_Diversification
PER,-0.02960048556781273,DV3_Partner_Diversification
PYF,-0.02924551740759603,DV3_Partner_Diversification
MKD,-0.02884528241581865,DV3_Partner_Diversification
PRY,-0.028507640832688308,DV3_Partner_Diversification
ISR,-0.027114923014033687,DV3_Partner_Diversification
COL,-0.026587677756112003,DV3_Partner_Diversification
NZL,-0.024768238082930473,DV3_Partner_Diversification
CHL,-0.02169615794337665,DV3_Partner_Diversification
ETH,-0.01903006605873876,DV3_Partner_Diversification
GMB,-0.018650374389798895,DV3_Partner_Diversification
JPN,-0.018220154741512107,DV3_Partner_Diversification
URY,-0.017856141366820268,DV3_Partner_Diversification
BRA,-0.017648215068111695,DV3_Partner_Diversification
CUB,-0.01707324839754602,DV3_Partner_Diversification
ECU,-0.01683201101834051,DV3_Partner_Diversification
BGD,-0.01642491395919421,DV3_Partner_Diversification
BEN,-0.014115101655253981,DV3_Partner_Diversification
TJK,-0.013739356252043821,DV3_Partner_Diversification
GTM,-0.012764720841249933,DV3_Partner_Diversification
UGA,-0.011677726863255111,DV3_Partner_Diversification
AUS,-0.01164355049904322,DV3_Partner_Diversification
ZWE,-0.007235304230130723,DV3_Partner_Diversification
CYM,-0.005955495804124994,DV3_Partner_Diversification
IRQ,-0.005499175304402959,DV3_Partner_Diversification
IRN,-0.005083321904597382,DV3_Partner_Diversification
UZB,-0.0008871990114928341,DV3_Partner_Diversification
CPV,-0.0004517376226907843,DV3_Partner_Diversification
PAK,0.00032759638264311385,DV3_Partner_Diversification
ATG,0.0017540885724875305,DV3_Partner_Diversification
COD,0.002281877024387813,DV3_Partner_Diversification
VUT,0.0029369205427696387,DV3_Partner_Diversification
SYR,0.0029410463929516986,DV3_Partner_Diversification
MHL,0.006439280451694595,DV3_Partner_Diversification
BMU,0.006734616037437191,DV3_Partner_Diversification
TLS,0.00972585796255481,DV3_Partner_Diversification
SLE,0.018848190569292367,DV3_Partner_Diversification
GRL,0.02050748352825888,DV3_Partner_Diversification
SWZ,0.02347784140226862,DV3_Partner_Diversification
HND,0.02472754245101023,DV3_Partner_Diversification
YEM,0.032777558556547924,DV3_Partner_Diversification
SOM,0.04384944285960088,DV3_Partner_Diversification
GUM,0.044971756315045894,DV3_Partner_Diversification
PLW,0.047402020800469805,DV3_Partner_Diversification
SDN,0.053302522988525544,DV3_Partner_Diversification
CAN,0.05971381501904419,DV3_Partner_Diversification
KIR,0.05993625074183798,DV3_Partner_Diversification
MEX,0.060408261776806346,DV3_Partner_Diversification
CAF,0.07060443832483353,DV3_Partner_Diversification
COM,0.0707980200176774,DV3_Partner_Diversification
MDA,0.08093446258135764,DV3_Partner_Diversification
AGO,0.09414814708474209,DV3_Partner_Diversification
RWA,0.09646371989564594,DV3_Partner_Diversification
HTI,0.12267156513110482,DV3_Partner_Diversification
AFG,0.12326632900492662,DV3_Partner_Diversification
SLB,0.12927050675606852,DV3_Partner_Diversification
NER,0.13600137426857456,DV3_Partner_Diversification
TKM,0.13728528586457234,DV3_Partner_Diversification
TCD,0.14424081401667674,DV3_Partner_Diversification
MLI,0.16815777873135843,DV3_Partner_Diversification
BTN,0.1825495622806046,DV3_Partner_Diversification
NPL,0.1865466612119499,DV3_Partner_Diversification
MNG,0.19725035669063637,DV3_Partner_Diversification
SSD,0.20557707541320439,DV3_Partner_Diversification
BFA,0.2651305218187679,DV3_Partner_Diversification
GNB,0.2732831250132548,DV3_Partner_Diversification
PSE,0.3049329708118832,DV3_Partner_Diversification
