replication,threshold_eci_pre,rss_selected
1,-0.57963333,456.53626436179945
2,-0.907,458.6219268209385
3,-0.907,456.7897973065466
4,-0.73925,457.6690560963909
5,-0.73925,452.461139513363
6,-0.38943333,458.0518572484936
7,-0.73925,456.2810000378647
8,-0.73925,457.05535078399487
9,-0.907,458.05905466637455
10,-0.57963333,457.22551256279223
11,-0.57963333,455.7642178019485
12,-0.907,458.4191448691021
13,-0.907,453.8257685359051
14,-0.907,454.07765938899433
15,-0.73925,455.13207525451566
16,-0.73925,455.7405495316068
17,-0.907,457.07248739221774
18,-0.907,458.4015682588751
19,-0.73925,457.73391979854756
20,-0.907,456.38557092455767
21,-0.73925,457.5009042071339
22,0.7145,457.0125571073096
23,-0.907,455.80627565078146
24,-0.907,456.86033221263244
25,-0.907,455.86568757909356
26,-0.907,456.5771868506197
27,-0.907,456.62872968702186
28,-0.73925,454.936804610579
29,-0.73925,458.21172934604544
30,-0.57963333,456.0518639428209
31,-0.907,455.47772987494255
32,-0.907,451.1874090608613
33,-0.21506667,456.4743888215293
34,-0.73925,456.79423740003944
35,-0.907,457.3458102228139
36,-0.907,454.2469758923224
37,-0.57963333,453.3619606611189
38,-0.907,457.6369416166158
39,-0.907,457.82519811523343
40,-0.907,457.1784960821384
41,-0.57963333,456.2853541791561
42,-0.73925,457.46299476818444
43,0.28161667,456.06048565864813
44,-0.907,458.5119799489426
45,-0.907,457.6765305245347
46,-0.57963333,455.9462388229665
47,-0.907,456.70676382970623
48,-0.57963333,455.57816683224286
49,-0.907,458.39894082508175
50,-0.907,455.74591617208483
51,-0.73925,456.2221407350474
52,-0.907,458.28877129942686
53,0.28161667,454.81832511156404
54,-0.907,456.6667222138026
55,-0.907,458.0945591528873
56,-0.907,457.2502357687116
57,-0.57963333,456.10409659296306
58,-0.907,456.6366548021342
59,-0.907,454.7900345617718
60,-0.73925,456.7686907886132
61,0.51945,455.78786621134344
62,-0.73925,455.3572319326093
63,-0.907,457.9216051023047
64,-0.73925,456.53724266626585
65,-0.907,456.3559825286618
66,-0.907,458.3214805124317
67,-0.907,457.65294500647366
68,-0.907,458.34659586141754
69,-0.907,457.141289271673
70,-0.907,457.9111215275665
71,-0.57963333,454.6809443639047
72,-0.907,457.7223306506489
73,-0.907,455.14264332993275
74,-0.73925,455.23174594025437
75,-0.907,453.0538536008551
76,-0.907,456.5599693401198
77,-0.73925,458.0591947642743
78,-0.57963333,457.41191881590885
79,-0.907,457.5996713958843
80,-0.57963333,456.28694442310064
81,-0.73925,455.38872221523184
82,-0.73925,457.5836683201775
83,-0.38943333,457.5551766695127
84,-0.73925,454.0107688924724
85,-0.73925,457.16544727122783
86,-0.907,454.29774620980567
87,-0.907,456.47012676510303
88,-0.38943333,454.14114341423385
89,-0.73925,456.9006252791327
90,-0.907,456.9526301536996
91,-0.907,454.22273609368625
92,-0.73925,458.0537973787847
93,-0.57963333,454.7787548054078
94,-0.907,455.3364786072741
95,-0.907,455.62524632648524
96,-0.907,451.12224315403625
97,-0.57963333,456.13023584786345
98,-0.907,453.11744702244863
99,-0.38943333,457.89493833534334
100,-0.907,454.21959474281624
101,-0.907,457.2520744581284
102,-0.907,457.88217223519246
103,-0.907,454.9884502651671
104,-0.907,457.8212449765746
105,-0.907,457.61343309677585
106,-0.907,458.1432220162726
107,-0.907,455.7560340650032
108,0.28161667,456.38002018021996
109,-0.907,457.4385985861798
110,-0.907,457.00449847619916
111,-0.907,448.67592805985373
112,-0.73925,457.4873705238583
113,-0.21506667,455.2535110467696
114,-0.907,453.96500734116864
115,-0.73925,457.2561534752303
116,-0.907,458.42637577225685
117,-0.73925,454.91179696464974
118,-0.73925,454.29875430750883
119,-0.73925,457.63831119358167
120,-0.907,455.96010814078835
121,-0.57963333,454.84711297726085
122,-0.907,454.8084132251454
123,-0.907,458.5723332040617
124,-0.907,456.57851795793846
125,0.28161667,457.37579011810425
126,-0.57963333,457.42231568343334
127,-0.907,456.312722654023
128,-0.21506667,453.3617187082156
129,-0.907,456.51312174280145
130,-0.907,455.4561651242803
131,-0.21506667,453.2408043412619
132,-0.907,455.7901515985666
133,-0.907,457.5426667132877
134,-0.73925,457.17090143003156
135,-0.907,455.69806360450286
136,-0.73925,458.28353878543777
137,-0.907,454.828924386611
138,-0.907,458.2319572676755
139,-0.73925,457.77684971326295
140,-0.907,456.79385177128813
141,-0.907,457.41739338659676
142,-0.907,456.9529047009446
143,-0.907,455.5924031371118
144,-0.38943333,456.90678278848327
145,-0.907,455.70631462561744
146,-0.907,454.3757747483568
147,-0.907,457.79316117257054
148,-0.907,455.7491647999325
149,-0.907,457.82236944427746
150,-0.907,454.4034192064925
151,0.09166667,456.5502249175043
152,-0.907,457.6468345888046
153,-0.57963333,456.25164125720204
154,-0.57963333,457.89560857519274
155,-0.907,457.8000480035118
156,-0.907,454.3357152167322
157,-0.907,458.00459797324083
158,-0.907,454.7840642609633
159,-0.21506667,455.20488563835465
160,-0.57963333,453.34440032703884
161,-0.907,456.66069526801135
162,-0.907,456.930360836996
163,-0.907,456.80424505088405
164,-0.73925,457.7561692796969
165,-0.907,458.08658434036306
166,-0.907,453.26302210939184
167,-0.907,458.48331846907723
168,-0.907,458.35425488380025
169,-0.73925,456.1077520169677
170,-0.57963333,455.87465648673503
171,-0.907,458.197770262533
172,-0.907,458.12015490646536
173,-0.907,455.9561574925522
174,-0.73925,456.42468181159774
175,-0.57963333,458.2491374925305
176,-0.907,456.929743571062
177,-0.907,454.23566683131685
178,-0.907,454.07028595215775
179,-0.57963333,457.06235095898637
180,-0.73925,454.03270263881785
181,-0.73925,456.3026336409158
182,-0.73925,457.6121847761895
183,-0.907,457.89902469402847
184,-0.57963333,456.92495374390745
185,-0.73925,456.30672374870335
186,-0.73925,455.3596557945946
187,-0.73925,455.2208213278135
188,-0.73925,453.48878237971064
189,-0.73925,458.0321415538532
190,-0.73925,456.5498149211184
191,-0.38943333,456.52921905686617
192,-0.38943333,454.4388684069162
193,-0.73925,458.3571698422217
194,-0.907,456.75445419882044
195,-0.73925,457.32794954852176
196,-0.21506667,456.5404717421063
197,-0.73925,454.3735554927197
198,-0.57963333,457.8041067283963
199,-0.57963333,456.557172611511
200,-0.57963333,455.69655693595536
201,-0.73925,456.0837628219953
202,-0.907,453.75409402723125
203,-0.907,455.8863405912694
204,-0.57963333,457.37705603435336
205,-0.907,455.3921728572736
206,-0.907,457.0917373760817
207,-0.907,455.7857042124784
208,-0.73925,458.22296493239605
209,-0.907,457.62462869099005
210,-0.907,456.1643710560085
211,-0.21506667,455.88990488978936
212,-0.907,458.1210480783069
213,-0.73925,457.49709047490825
214,-0.73925,456.8526741752804
215,-0.907,454.59288083714256
216,-0.907,457.00365449117896
217,-0.38943333,457.10159351734444
218,-0.907,452.6204714255958
219,-0.73925,454.4664012756453
220,-0.907,455.4014828224675
221,-0.73925,455.35362330462874
222,-0.57963333,453.2418048176705
223,-0.907,458.1570960675653
224,0.51945,456.3665928695734
225,-0.907,452.1487578781887
226,-0.73925,456.86321718604705
227,-0.73925,456.12086097868877
228,-0.907,457.74921160035586
229,-0.907,456.5179405660301
230,-0.73925,447.4753109611152
231,-0.21506667,456.05198597427557
232,-0.907,456.3747143836933
233,-0.38943333,458.41719452233167
234,-0.907,453.6280462748795
235,-0.57963333,456.2769657425101
236,-0.907,458.04796482551484
237,-0.907,457.15712198567087
238,-0.73925,457.48041965566864
239,-0.73925,457.12800759203253
240,0.62323333,450.7047246209773
241,-0.73925,455.52830564184546
242,-0.73925,457.9152170858419
243,-0.907,457.76210388060275
244,-0.73925,457.59605909287774
245,-0.907,456.58168466349423
246,-0.907,457.02758010226836
247,-0.907,456.390571168302
248,-0.907,456.9676315258342
249,-0.73925,458.01778008900135
250,-0.57963333,456.0035713546947
251,-0.57963333,457.55916381933673
252,-0.907,455.24859759866195
253,-0.907,454.6562988924585
254,-0.907,457.76244541767693
255,-0.907,457.73590325029306
256,-0.907,457.6989552381584
257,-0.57963333,454.62456580697983
258,-0.907,453.22054043669607
259,-0.907,454.07268728568016
260,-0.907,457.9746055598398
261,-0.907,457.0852237214358
262,-0.57963333,451.93653168630004
263,-0.38943333,455.128129536232
264,-0.907,458.10569425024926
265,-0.907,456.9098591003938
266,-0.57963333,455.88515176010304
267,-0.907,450.78843767635635
268,-0.907,456.3586814743216
269,-0.907,457.2940614636161
270,-0.907,456.68302969285764
271,-0.73925,455.9604562500581
272,-0.38943333,455.01188530110653
273,-0.73925,457.90918403193814
274,-0.907,456.9088537205225
275,-0.73925,457.7301439904197
276,-0.907,458.0448033591863
277,-0.907,453.8804202822748
278,-0.907,457.54674299467615
279,-0.907,454.66216444135216
280,-0.73925,451.23770610271
281,-0.57963333,454.8438883015849
282,-0.57963333,457.2409220011637
283,-0.21506667,455.5990436280075
284,-0.907,453.1542578847078
285,-0.38943333,457.2784097788917
286,-0.907,455.7113185989363
287,-0.907,454.75428675783394
288,-0.907,456.8864769919304
289,0.28161667,456.8313518723876
290,-0.57963333,454.98365225417217
291,-0.73925,456.7471945346691
292,-0.907,457.86193479202325
293,-0.21506667,456.7379884974751
294,-0.907,455.401920944063
295,-0.03963333,455.32501498144495
296,-0.907,457.3868841912958
297,-0.907,457.3266851735825
298,-0.21506667,457.1859759464327
299,-0.73925,457.3434578379831
300,-0.907,458.17720032523283
301,-0.907,454.9821118393467
302,-0.73925,456.8967396098779
303,-0.907,457.4906610635086
304,-0.907,456.6229338932955
305,-0.907,458.0150869652354
306,-0.907,458.21562667263845
307,-0.73925,454.7790914848681
308,-0.907,453.77462395742305
309,-0.907,456.07475445542195
310,-0.57963333,455.0887905307317
311,-0.73925,456.29665020136673
312,0.09166667,455.48885343978395
313,-0.907,458.3765741156692
314,-0.57963333,457.4382370976245
315,-0.73925,456.5916891963316
316,-0.907,458.20371043569673
317,-0.73925,457.22069519399054
318,-0.73925,456.89034054531874
319,-0.907,454.8820982392421
320,-0.73925,456.7351900967032
321,0.28161667,456.56672323059536
322,-0.907,456.96557653731355
323,-0.907,454.7326768333591
324,-0.907,457.1994548151524
325,-0.907,455.56013440520064
326,-0.73925,456.33312917866954
327,-0.38943333,456.42200349837265
328,-0.38943333,456.63776560837147
329,-0.907,457.43008718511044
330,-0.21506667,454.31808841140094
331,-0.907,457.72056645949147
332,-0.907,457.90255965555605
333,-0.73925,456.5141135313264
334,-0.73925,455.8438364241767
335,-0.907,454.47324285315375
336,-0.03963333,454.6169186849511
337,-0.73925,455.59564347334646
338,-0.907,453.64726969666265
339,-0.907,457.6216191840501
340,-0.907,453.54645816506695
341,-0.907,457.34864747877543
342,-0.907,454.66110543638365
343,-0.907,455.5119700056731
344,0.51945,455.60060071982014
345,-0.907,458.37382889020193
346,-0.57963333,457.9301997255363
347,-0.73925,455.868812934663
348,-0.907,457.7030700306949
349,-0.57963333,455.80317999627334
350,-0.73925,456.12979379379533
351,-0.907,454.3541849684455
352,-0.73925,454.7058243273474
353,-0.907,453.79464466719327
354,-0.907,456.13601991013275
355,-0.907,456.2520282583672
356,-0.907,457.3592657405873
357,-0.73925,454.71846136374666
358,-0.907,457.2005766110167
359,-0.907,455.7525817609038
360,-0.73925,455.2890738877285
361,-0.907,456.9545339945091
362,-0.73925,457.6051317262913
363,-0.907,457.2014200989295
364,-0.907,455.5998213175925
365,-0.907,457.7358812806343
366,-0.57963333,453.42431704790334
367,-0.57963333,456.4454198000514
368,-0.907,455.22044549855417
369,-0.73925,457.0210956513249
370,-0.907,457.89668289162364
371,-0.21506667,454.3024467819757
372,-0.73925,454.3086461958589
373,-0.57963333,454.16281575850377
374,-0.38943333,457.2208496049477
375,-0.907,454.42244039241183
376,0.28161667,455.85851160105994
377,-0.73925,458.34631122045005
378,-0.907,457.1028894025676
379,0.7145,456.5828605355775
380,-0.907,456.0101016307857
381,-0.907,457.15834656367576
382,-0.907,458.09486494580756
383,-0.907,458.32118810939653
384,-0.907,457.84269518130196
385,-0.38943333,454.76650171495027
386,-0.57963333,455.4186505781673
387,-0.73925,452.81960057267963
388,-0.907,456.5089040273823
389,-0.73925,457.87158834300146
390,-0.907,457.7549847399172
391,-0.907,451.37521050792634
392,-0.57963333,457.4354482728171
393,-0.57963333,457.37124577886846
394,-0.73925,457.4943044478327
395,-0.907,457.3360552796816
396,-0.907,454.2345585892708
397,-0.57963333,455.0151525372514
398,-0.907,457.63992346283817
399,-0.73925,457.48323040689166
400,-0.73925,456.12982081767115
401,-0.907,458.0700170464954
402,-0.907,455.64330756709325
403,-0.907,458.0923174471852
404,-0.907,456.29555087288327
405,-0.21506667,456.3205530644667
406,-0.907,457.33693981166977
407,-0.73925,456.2204359145988
408,-0.907,452.47346973713775
409,-0.03963333,452.2875402478303
410,-0.57963333,457.1920230563208
411,-0.73925,456.7472072546713
412,-0.73925,455.9453274691258
413,0.39473333,454.41914123024395
414,-0.907,457.7947317627035
415,-0.73925,457.50179537710693
416,-0.907,455.7209385082234
417,-0.907,456.1920084542994
418,-0.73925,457.7658100329138
419,-0.907,457.05384439072895
420,-0.907,457.3686594959217
421,-0.57963333,455.82237557172954
422,-0.907,457.7198668093119
423,-0.907,455.77018434801425
424,-0.907,453.99696974563597
425,-0.907,457.3966233850342
426,-0.907,456.2597803898276
427,-0.57963333,456.4577269385621
428,-0.73925,456.2867075054233
429,-0.57963333,457.96635872211834
430,-0.907,455.341524424485
431,-0.907,457.66008746821126
432,-0.38943333,456.27878401820124
433,-0.907,457.2292283573455
434,-0.907,457.1092023447025
435,-0.73925,457.69349369697284
436,-0.57963333,453.17211659969314
437,-0.907,454.97741470284944
438,-0.73925,457.1023100667251
439,-0.73925,452.74548345663425
440,0.86,453.5609879560002
441,-0.907,457.728458657727
442,-0.907,458.0914965350848
443,-0.57963333,455.5329747501751
444,-0.907,456.1399249908532
445,-0.38943333,456.17127310648493
446,-0.57963333,456.9437173644456
447,-0.907,457.9022756357635
448,-0.907,454.9762215562954
449,-0.73925,455.29848219751614
450,-0.907,454.70536122505774
451,-0.907,453.60582171253344
452,-0.907,458.01116130137024
453,-0.57963333,455.41195501490733
454,-0.73925,456.5076439665693
455,-0.907,457.127435603619
456,-0.907,457.5327233633256
457,-0.907,456.32798282527233
458,-0.57963333,455.7284834182292
459,-0.907,456.8677313739602
460,-0.73925,455.86867188534796
461,-0.907,457.10060663062296
462,-0.73925,457.780380049957
463,-0.907,455.69689426760885
464,-0.57963333,457.55083795226926
465,-0.73925,457.3007288414499
466,-0.907,457.3962617728844
467,-0.907,456.34829759237556
468,-0.57963333,454.7097370156425
469,-0.907,457.1796827521007
470,-0.907,454.5394485093665
471,-0.907,457.4604515020237
472,-0.907,457.76581881330895
473,-0.907,457.06943038016203
474,-0.73925,457.95597255373366
475,-0.907,456.59967594696144
476,-0.907,457.82973914158913
477,-0.73925,455.3150121091464
478,-0.907,456.80984297421725
479,-0.03963333,453.7251229832237
480,-0.38943333,456.15898716449846
481,-0.57963333,456.4583488157756
482,-0.907,456.9790875707052
483,-0.73925,457.14560274225425
484,-0.907,456.2894345443729
485,-0.73925,455.19003864363333
486,-0.21506667,448.5605824150284
487,-0.907,457.99117971005984
488,-0.57963333,457.1307011555252
489,-0.907,457.436561446018
490,-0.907,457.55235211439793
491,-0.57963333,457.4358631215811
492,-0.907,454.77369203979816
493,-0.907,453.4014289257738
494,-0.73925,456.19386719731136
495,-0.907,457.98936743374736
496,-0.907,455.87861858745094
497,-0.03963333,455.1706484886086
498,-0.907,457.712808122239
499,-0.907,455.32843767558825
500,-0.907,452.00460983759353
501,-0.907,457.56919326839363
502,-0.38943333,455.1426798185829
503,-0.907,456.6239622085553
504,-0.907,454.87968422432346
505,-0.57963333,455.8668673699319
506,-0.57963333,454.49428359240744
507,-0.907,456.63557494599934
508,-0.907,455.8544950242563
509,-0.907,458.07608288657497
510,-0.57963333,456.6420198037145
511,-0.73925,457.0325712756896
512,-0.907,457.0964517537163
513,-0.907,457.088890374437
514,-0.907,458.0879010916608
515,-0.907,457.89957185882963
516,-0.907,454.1908800036692
517,-0.907,455.34665180048705
518,-0.907,458.5806760912665
519,-0.57963333,457.07976221973473
520,-0.73925,456.42988251608114
521,-0.907,457.2922973134569
522,-0.73925,456.084297208816
523,-0.907,455.86770034628694
524,-0.907,456.7908402709413
525,-0.907,456.97495001717084
526,-0.38943333,456.5593657622759
527,-0.907,456.8720429795753
528,-0.907,458.3981917057409
529,-0.907,456.1255170181016
530,-0.907,456.6930608663798
531,-0.907,457.65089454249465
532,-0.73925,457.74188507468483
533,-0.73925,455.36047456398376
534,-0.38943333,456.7657247103002
535,-0.57963333,457.1603561721728
536,-0.907,457.86881421035446
537,-0.907,457.7006296798523
538,-0.73925,455.6083205058694
539,-0.907,457.23402293042574
540,-0.907,454.9610727697012
541,0.51945,455.74683745105676
542,-0.907,455.2942766726474
543,-0.73925,457.68445439070086
544,-0.907,458.0919262302019
545,-0.73925,455.78830583866437
546,-0.907,456.69278361412364
547,-0.57963333,455.6271736042959
548,-0.907,457.203375140301
549,-0.73925,456.1872114413013
550,-0.907,457.06127201377956
551,-0.73925,452.6719423070763
552,-0.907,457.53909070223597
553,-0.57963333,457.78757381104793
554,-0.907,457.8259497855197
555,-0.907,457.0098425978252
556,-0.907,457.2907469718777
557,-0.907,456.04839577948945
558,-0.907,452.8562867302324
559,-0.907,457.9872843495845
560,-0.57963333,457.6141681891031
561,-0.907,453.74311484901705
562,-0.907,458.0292345897925
563,-0.907,457.67454011739824
564,-0.907,458.1028362971556
565,-0.907,454.67728174862486
566,-0.57963333,458.3531385500189
567,-0.907,458.6950479235847
568,-0.907,457.42250668437373
569,-0.907,452.19432367520636
570,-0.907,456.5262609140181
571,-0.907,452.41119708879205
572,-0.907,455.38794968909804
573,-0.907,456.59367481077174
574,-0.907,456.97186551810654
575,-0.57963333,458.5681989468636
576,-0.57963333,457.48717336397164
577,0.51945,456.6653089450348
578,-0.907,458.16747548490224
579,-0.21506667,457.08776651869255
580,-0.907,458.1480971147963
581,-0.907,457.2807289526374
582,-0.73925,455.0214872245254
583,-0.57963333,453.822045071171
584,-0.57963333,458.106038196628
585,-0.907,454.32801276982036
586,-0.907,457.92610621751703
587,-0.57963333,453.1814800015484
588,-0.73925,458.04380078176325
589,-0.907,458.15346540289727
590,0.28161667,452.240259478658
591,-0.907,457.41211586081715
592,-0.907,458.2085960747769
593,-0.57963333,456.43340946089523
594,-0.907,456.6049780042125
595,-0.907,457.51265961516896
596,-0.73925,456.89863767535695
597,-0.907,457.4959881549215
598,-0.907,456.53174114033106
599,-0.907,458.42226420773363
600,-0.38943333,453.6143433323833
601,-0.57963333,457.94477554682123
602,-0.907,458.2089949987048
603,-0.907,456.51274652343534
604,-0.907,456.71353740455993
605,-0.73925,456.649932450441
606,0.51945,454.99068186251645
607,-0.57963333,456.1318346304231
608,-0.907,457.47247061035745
609,-0.907,456.98286943504456
610,-0.73925,455.2502369568423
611,-0.907,455.6781039123775
612,-0.38943333,454.3009855534742
613,-0.907,458.15340163964163
614,-0.907,457.0444547488423
615,-0.907,457.34925182121
616,-0.73925,456.67588611854575
617,-0.21506667,453.1918646691631
618,-0.907,455.63501587132345
619,0.51945,455.39388032735826
620,-0.907,456.4667680560507
621,-0.57963333,454.615368429471
622,-0.57963333,456.5886444839663
623,0.51945,454.5925357868029
624,-0.73925,456.76261219947867
625,-0.907,455.9502695340529
626,-0.907,455.4973900162634
627,-0.57963333,452.062864969789
628,-0.907,457.7372291101775
629,-0.907,455.58707366683035
630,-0.907,456.08118287203257
631,-0.907,457.64943778396776
632,-0.907,458.1509588165817
633,0.09166667,454.83926754511384
634,-0.21506667,457.6010424906849
635,-0.907,457.98793659606207
636,0.09166667,454.2944150740959
637,-0.73925,456.96712555077806
638,-0.57963333,458.1471336398208
639,-0.38943333,456.21065477485615
640,-0.907,454.7903957446259
641,-0.907,457.2780373041415
642,0.28161667,453.7474433610436
643,-0.907,458.4517373509474
644,-0.38943333,455.38103721880293
645,-0.73925,456.946286619601
646,-0.907,456.6410189362669
647,-0.907,456.58896674884295
648,-0.907,451.64568663917066
649,-0.73925,457.7158374228996
650,-0.907,457.812370028151
651,-0.907,458.1984897580974
652,-0.907,457.5010003995991
653,-0.907,453.79075965801513
654,-0.907,457.1471642146378
655,-0.907,456.2109471301255
656,0.28161667,454.12198069887353
657,-0.907,456.95370991092676
658,-0.57963333,457.9992375299713
659,-0.907,458.0641754382695
660,0.28161667,455.4487741967808
661,-0.21506667,456.0339400691838
662,-0.907,458.5606778567819
663,-0.907,456.0550703493134
664,-0.57963333,458.3937514537862
665,-0.73925,454.36192122445686
666,-0.57963333,455.70341373921326
667,-0.907,455.98707111414615
668,-0.907,457.7502271698009
669,-0.907,457.43530095517553
670,-0.907,457.4955210195038
671,-0.907,458.07079463530283
672,-0.907,458.5422147752078
673,-0.907,457.7596099322464
674,-0.907,458.4433876156689
675,-0.907,456.32807746592994
676,-0.907,457.6236175926444
677,-0.57963333,454.49556437531163
678,-0.57963333,457.07164765108456
679,-0.907,457.89219648983965
680,-0.57963333,457.37459761697835
681,-0.907,455.6592802428123
682,-0.907,457.8740328860049
683,-0.57963333,455.6309892818143
684,-0.73925,455.73187347969287
685,-0.73925,454.6167948729117
686,-0.907,458.1549735771275
687,-0.907,457.73028637218755
688,-0.907,457.58347146567706
689,-0.73925,458.23604270182364
690,-0.907,455.5578516053477
691,-0.73925,457.3753406227075
692,-0.38943333,452.9660310575863
693,-0.03963333,457.26600269002006
694,-0.907,457.48809053325647
695,-0.907,456.9944893482241
696,-0.907,455.35350044443754
697,-0.73925,456.9944123203291
698,-0.907,458.58485468853314
699,-0.907,457.8032325968948
700,0.28161667,454.4045975541886
701,-0.907,457.809335286049
702,-0.907,457.65425007672326
703,-0.907,457.8990381417533
704,-0.907,458.22385257060694
705,-0.57963333,451.8387197643186
706,-0.907,455.66563877154294
707,-0.907,456.92692334117726
708,-0.73925,458.14712678552536
709,-0.907,456.55791646046157
710,-0.907,456.5521134559384
711,-0.57963333,457.5929142955428
712,-0.907,457.03493451088934
713,-0.907,458.2727706542482
714,-0.907,457.2800586523167
715,-0.907,457.8783430509726
716,0.39473333,452.8485647839138
717,-0.73925,457.34946925010945
718,-0.73925,453.23639019749794
719,-0.907,458.2919726023181
720,-0.907,454.6867775181018
721,-0.907,456.8885109777487
722,-0.907,457.7576176353695
723,-0.907,455.0127240897044
724,-0.907,458.4316650606685
725,-0.73925,454.6126088119772
726,-0.907,456.79433570127446
727,-0.907,456.71484201831765
728,-0.21506667,456.5499776939504
729,-0.57963333,452.39772683937093
730,-0.57963333,457.3668943030255
731,-0.907,457.83390952916113
732,-0.38943333,454.9718665014542
733,-0.73925,452.0647916444668
734,-0.907,453.6470833112397
735,-0.57963333,455.68543977131344
736,-0.907,457.8037636351481
737,-0.73925,457.8349396151481
738,-0.907,454.77702205416296
739,-0.73925,456.45313051687316
740,-0.73925,456.1064066343413
741,-0.907,451.40485011517256
742,-0.73925,457.78920687156176
743,-0.907,458.3531752899224
744,-0.38943333,457.4194490089567
745,-0.907,456.01958304326536
746,-0.907,456.9420948035771
747,-0.907,457.01843879179205
748,-0.907,457.78859704897945
749,-0.73925,457.7836005726317
750,-0.73925,457.7607237872068
751,0.28161667,451.5425764772064
752,-0.907,458.04998799160796
753,0.28161667,453.67800441963965
754,-0.57963333,456.8173927675195
755,-0.907,454.5213774998513
756,-0.907,457.479416441005
757,0.51945,454.9969421921181
758,-0.907,458.1848283368902
759,-0.73925,457.375397654724
760,0.09166667,454.4642883868046
761,-0.907,458.2186922067971
762,-0.57963333,455.69194782260433
763,-0.907,457.47723511355616
764,-0.73925,454.6690961080228
765,-0.907,456.3288624165976
766,-0.907,457.6390848331763
767,-0.57963333,457.45290982127943
768,-0.73925,455.36053067126096
769,-0.907,457.9335222309949
770,-0.57963333,454.00052546877345
771,-0.907,456.89182303232735
772,-0.907,457.4414209779436
773,-0.907,454.9082559217769
774,-0.57963333,451.5137789711218
775,-0.907,456.42551689861995
776,-0.57963333,451.4487144822821
777,-0.57963333,457.71727317019304
778,-0.73925,458.1502969263374
779,-0.73925,456.6809755928964
780,-0.73925,457.47684013234516
781,-0.907,453.4465834155774
782,-0.73925,456.9569923122062
783,-0.907,456.62709453275784
784,-0.907,454.83105742302166
785,-0.907,456.3855625584446
786,-0.907,457.4659954231235
787,-0.907,456.15529570983495
788,-0.907,458.3679124969786
789,-0.907,457.67390046206066
790,-0.907,458.3154790316642
791,-0.907,457.49156494440774
792,-0.907,456.0882040547967
793,-0.907,456.3767293905991
794,0.51945,452.02585414624167
795,-0.907,456.4610359017306
796,-0.907,455.1421394084813
797,-0.73925,457.16579656520355
798,-0.38943333,457.44566436728815
799,-0.907,456.29857846852065
800,-0.907,457.8104795281146
801,-0.907,454.2519903360511
802,-0.907,458.4150320148833
803,-0.907,455.25115651554177
804,-0.73925,456.91315064039816
805,-0.57963333,455.47274163382895
806,-0.57963333,454.5299144513395
807,-0.907,456.8102275896308
808,-0.57963333,455.7011472880822
809,-0.907,456.09686236624594
810,-0.73925,456.09473778392373
811,-0.907,457.7964367162497
812,-0.907,457.81254458934325
813,-0.57963333,455.9032766408172
814,-0.907,458.5602538503043
815,-0.907,455.93824908941906
816,-0.907,457.2832001976224
817,-0.21506667,454.59530860273554
818,-0.907,455.62668959185396
819,-0.907,456.88872891575755
820,-0.907,456.5533516657604
821,-0.907,455.98315851198953
822,-0.73925,457.0045976030901
823,-0.907,457.1254944596445
824,-0.907,456.1494873175618
825,-0.73925,456.8563831219388
826,-0.73925,450.9591448282563
827,-0.73925,455.6199963966541
828,-0.907,453.04532567426133
829,-0.907,457.47388098136594
830,-0.73925,456.7017133462162
831,-0.907,456.5207518186403
832,-0.57963333,458.2074282923586
833,-0.73925,456.3781848519769
834,0.39473333,453.2841951759428
835,0.7145,455.6023049452798
836,-0.73925,456.94654604535583
837,0.28161667,456.28048590306645
838,-0.907,457.2189956514444
839,-0.73925,454.07484064322944
840,-0.907,454.7372284600365
841,-0.907,457.4737602956964
842,-0.73925,455.99864163581384
843,-0.73925,458.0165886310651
844,-0.907,457.45172011111714
845,-0.907,456.54102029460967
846,-0.38943333,451.04114352354543
847,-0.907,457.2467607560895
848,-0.907,457.05370324353464
849,-0.38943333,456.41954891682957
850,-0.907,455.97529531119403
851,-0.907,457.8466321907372
852,-0.907,457.8108579751975
853,-0.907,457.9373488652712
854,-0.907,455.71041828970965
855,-0.57963333,456.48099375479376
856,-0.907,456.3864712176454
857,-0.73925,456.69084128944485
858,-0.38943333,454.3530111762594
859,0.39473333,454.5367020252446
860,-0.907,456.23064419047495
861,-0.38943333,456.971786797215
862,-0.907,456.529085918991
863,-0.57963333,455.5369840315492
864,-0.907,455.30057376700245
865,-0.907,457.75175787279846
866,-0.907,457.0914483998419
867,-0.21506667,457.98997736574745
868,-0.907,453.3966106315391
869,-0.73925,455.7269738231013
870,-0.907,456.4426414029242
871,-0.907,457.9770725570941
872,-0.907,457.84321793017324
873,-0.57963333,452.46171623864745
874,-0.57963333,457.4120178073979
875,-0.907,456.67095013957726
876,-0.57963333,456.32554589525574
877,-0.73925,455.95887543622473
878,-0.907,454.95292128482805
879,-0.907,456.4665458764967
880,-0.57963333,453.0818662497161
881,-0.73925,458.50625532708796
882,-0.73925,457.75220140037453
883,-0.907,456.1172188576296
884,-0.907,455.30879895395105
885,-0.73925,457.14741954663026
886,-0.907,452.759646275746
887,-0.57963333,456.0842810227979
888,-0.907,455.2965210726014
889,-0.907,457.4243324583358
890,-0.907,456.09510966291816
891,-0.21506667,457.5743338199006
892,-0.907,457.83752358881713
893,-0.73925,456.74655233960567
894,-0.907,457.70130404525304
895,-0.907,455.81508131376984
896,-0.907,457.0550842145853
897,-0.907,457.97866982111304
898,-0.907,457.64387904472886
899,-0.907,453.32710849189783
900,-0.73925,456.4539113977718
901,-0.907,458.09598319930757
902,-0.907,454.5472858264455
903,-0.907,457.61934132126385
904,-0.73925,458.0847714944933
905,-0.21506667,457.0469802212585
906,-0.907,457.5938015330008
907,-0.907,457.90790663777784
908,-0.907,456.3972450809693
909,0.09166667,454.08342273176703
910,-0.907,456.319131031331
911,-0.907,455.20799882770064
912,-0.907,457.8359344508302
913,-0.907,456.27089476187973
914,-0.907,456.64158265216804
915,-0.73925,457.7176718733544
916,-0.907,457.5955169965301
917,-0.73925,457.2665767083799
918,-0.907,457.3570169605182
919,-0.907,457.8139251825983
920,-0.907,452.52129619205726
921,-0.907,455.2162266723955
922,-0.907,456.242854131808
923,-0.57963333,457.25224600156895
924,-0.907,457.13403650245584
925,-0.907,457.0597497494374
926,-0.907,455.0109526162446
927,-0.57963333,455.3194919071867
928,-0.57963333,455.6482901109317
929,-0.73925,456.7967967482843
930,-0.907,455.32358463626906
931,-0.907,451.5420939774878
932,-0.907,456.6231262724302
933,-0.907,457.77339284142784
934,-0.73925,456.9912946469683
935,0.28161667,454.8041622474285
936,-0.907,456.2975832147649
937,-0.907,457.48290713267033
938,-0.907,456.9115394226617
939,-0.907,457.96298610023234
940,-0.907,456.63798201154043
941,-0.907,456.4152733970458
942,-0.73925,457.85471014405675
943,-0.907,455.97477875960317
944,0.28161667,454.1814439739027
945,-0.907,457.1756581845276
946,-0.57963333,456.67426993896646
947,-0.38943333,455.0030387247261
948,-0.907,455.28442656741925
949,-0.73925,452.4186074976183
950,-0.73925,451.96281697215437
951,-0.73925,456.24083343351384
952,-0.907,457.77023320574887
953,-0.73925,451.12327321158614
954,-0.907,458.0567093108474
955,-0.907,458.390968271567
956,-0.73925,457.6047928866292
957,-0.907,456.8645878246622
958,0.09166667,455.6789311174143
959,-0.73925,457.522133929725
960,-0.21506667,454.10805148785755
961,-0.907,457.8443223737827
962,-0.38943333,453.50788989483215
963,-0.73925,457.0682506904356
964,-0.907,458.4864218100489
965,-0.73925,458.04282536266555
966,-0.73925,455.8439681155627
967,-0.73925,454.8646258918616
968,-0.907,457.8275644989943
969,-0.73925,455.7180878638071
970,-0.907,454.7647100298011
971,-0.57963333,455.87678626506784
972,-0.907,457.21644661566177
973,-0.907,455.8984600180006
974,-0.907,458.1980380846751
975,-0.21506667,455.8446686779157
976,-0.907,456.25164615824235
977,-0.73925,457.96806348810014
978,-0.907,453.39240300812037
979,-0.907,456.56680562305587
980,-0.907,457.4845171497297
981,-0.907,456.9157850128777
982,0.7145,447.29975051645386
983,-0.21506667,457.8410824690843
984,-0.73925,457.0559094919431
985,-0.907,457.7502603553147
986,-0.907,457.7322402792488
987,-0.73925,456.72020976582985
988,-0.907,458.37077078885204
989,-0.907,455.9844374882856
990,-0.73925,457.057333006984
991,-0.907,457.13653894804406
992,0.51945,456.89607394920114
993,-0.907,457.9773728955966
994,0.28161667,455.6144484417118
995,0.09166667,455.1120178749484
996,-0.907,455.26490722971937
997,-0.907,455.2548800575214
998,-0.38943333,455.40111770227804
999,-0.907,456.42784923433896
