country_iso3_code,country_name,wb_region,eci_pre,exposure_pre,pre_trade_openness,z_eci_pre,z_exposure_pre,z_openness_pre
ABW,Aruba,Latin America & Caribbean,0.8849999999999999,0.4475506686847455,147.49417315646417,0.9148751763840055,1.3157393356692113,0.9683293620986408
AFG,Afghanistan,"Middle East, North Africa, Afghanistan & Pakistan",-1.425333333333333,0.11298974045588599,,-1.4208529356503212,-0.662521917209306,
AGO,Angola,Sub-Saharan Africa,-0.6973333333333334,0.47021839078480204,62.75478529014424,-0.6848508873624887,1.4497737447645997,-0.5246138707059085
AIA,Anguilla,,0.852,0.5144204805249987,,0.8815124461731559,1.7111410296182383,
ALB,Albania,Europe & Central Asia,-0.4213333333333333,0.1081372377458165,74.97024318204194,-0.4058171437808377,-0.6912148017659026,-0.3094012564244927
AND,Andorra,Europe & Central Asia,1.1080000000000003,0.0075082148144855,,1.1403263532633834,-1.2862349615733857,
ANS,Undeclared,,,0.0,,,-1.3306310915232185,
ARE,United Arab Emirates,"Middle East, North Africa, Afghanistan & Pakistan",0.6023333333333333,0.1716374011784639,161.45152298853068,0.6291014873052132,-0.315737863872162,1.214230725140601
ARG,Argentina,Latin America & Caribbean,0.2403333333333333,0.22967574386156,27.022830015763162,0.26312244681043906,0.027443287373072837,-1.1541414394666993
ARM,Armenia,Europe & Central Asia,-0.0786666666666666,0.1037333032830861,77.37633490419019,-0.05938394522777339,-0.7172552989451676,-0.26701059908631297
ASM,American Samoa,East Asia & Pacific,0.6133333333333333,0.0,168.00779427435035,0.6402223973754964,-1.3306310915232185,1.3297394760892915
ATA,Antarctica,,1.1843333333333332,0.0,,1.2174987292056512,-1.3306310915232185,
ATF,French Southern and Antarctic Lands,,0.3739999999999999,0.14002688632679303,,0.3982583540281226,-0.5026510729119951,
ATG,Antigua and Barbuda,Latin America & Caribbean,0.293,0.3848999521355172,132.82698809923647,0.31636801623785554,0.9452851835046426,0.7099220827113505
AUS,Australia,East Asia & Pacific,0.2156666666666666,0.36654466641764755,41.793872901472746,0.2381846484710161,0.836750242758852,-0.893904387100043
AUT,Austria,Europe & Central Asia,1.4406666666666668,0.08637945461232589,104.26167474886716,1.4766496335707353,-0.8198687349952919,0.20665680863771846
AZE,Azerbaijan,Europe & Central Asia,-0.898,0.06027554462789359,79.25054697049167,-0.8877232468264427,-0.9742213485661928,-0.23399062700863477
BDI,Burundi,Sub-Saharan Africa,-1.1833333333333333,0.1005692265587808,,-1.1761929141040914,-0.7359645081106388,
BEL,Belgium,Europe & Central Asia,1.178,0.0903829733039886,159.59316534277968,1.211095780983367,-0.7961958992436123,1.1814900771230425
BEN,Benin,Sub-Saharan Africa,-1.0120000000000002,0.3868031863114347,58.73750700572976,-1.0029763148275597,0.9565390213191891,-0.595390502211327
BES,Bonaire,,0.5576666666666666,0.0024471579998479004,,0.5839438524743663,-1.316161028098899,
BFA,Burkina Faso,Sub-Saharan Africa,-1.4436666666666664,0.0511027976891728,60.0581926816049,-1.4393877857674602,-1.0284598693265081,-0.5721225887639212
BGD,Bangladesh,South Asia,-0.8476666666666667,0.2735443648874374,40.390213797126734,-0.8368366583230257,0.2868387692427905,-0.9186341310097317
BGR,Bulgaria,Europe & Central Asia,0.6733333333333333,0.0450697029393897,127.180828072228,0.7008819068497684,-1.0641336033803437,0.6104477223707778
BHR,Bahrain,"Middle East, North Africa, Afghanistan & Pakistan",0.6273333333333334,0.13268434639028207,158.19294761574432,0.6543762829194933,-0.546067566078156,1.1568209635895792
BHS,The Bahamas,Latin America & Caribbean,0.6003333333333334,0.3367431975320754,75.7603570776402,0.6270795036560709,0.6605339359495184,-0.29548098601329836
BIH,Bosnia and Herzegovina,Europe & Central Asia,0.4083333333333334,0.0176326778355894,89.96842197950387,0.4329690733384006,-1.2263689365510309,-0.04516251097371224
BLM,Saint Barthélemy,,0.6896666666666667,0.0,,0.7173947733177647,-1.3306310915232185,
BLR,Belarus,Europe & Central Asia,0.8736666666666667,0.0394857241820794,126.34076045688299,0.9034172690388653,-1.097151711235805,0.5956473645559905
BLZ,Belize,Latin America & Caribbean,-0.3436666666666666,0.3456807806300158,104.20497261874284,-0.3272967787391412,0.7133819311731049,0.20565782736600743
BMU,Bermuda,North America,0.632,0.2914330399941181,74.16783226145068,0.6590942447674922,0.39261463797983315,-0.3235381765036772
BOL,Bolivia,Latin America & Caribbean,-1.3310000000000002,0.1775280985556328,70.22568838599626,-1.3254827068657722,-0.28090612653995695,-0.3929910858270965
BRA,Brazil,Latin America & Caribbean,0.6353333333333334,0.3483768623059676,25.232113190041716,0.6624642175160629,0.729323882142594,-1.1856903877674299
BRB,Barbados,Latin America & Caribbean,0.444,0.41177358563990546,,0.46902778174810666,1.104189177964577,
BRN,Brunei,East Asia & Pacific,0.4769999999999999,0.1550617847976029,96.89905878353882,0.5023905119589561,-0.413749606613397,0.0769418324271752
BTN,Bhutan,South Asia,-0.2916666666666667,0.0279954832940448,86.64068943678971,-0.27472520386143895,-1.1650935909268194,-0.10379068737812523
BVT,Bouvet Island,,1.0626666666666666,0.0,,1.094494723882822,-1.3306310915232185,
BWA,Botswana,Sub-Saharan Africa,-0.0216666666666666,0.061703520085627094,108.74089908033606,-0.0017574112272150412,-0.965777719081272,0.285572031207291
CAF,Central African Republic,Sub-Saharan Africa,-0.535,0.14101948923175753,47.5621942825049,-0.5207332145070974,-0.49678180456442916,-0.7922777812524862
CAN,Canada,North America,0.9446666666666664,0.752416525870044,64.30582223938865,0.9751976885834203,3.1184134129682572,-0.49728761575517383
CCK,Cocos (Keeling) Islands,,1.375333333333333,0.1778166151451895,,1.41059816769875,-0.27920012580354625,
CHE,Switzerland,Europe & Central Asia,1.8020000000000003,0.1728906745432267,124.11453443149519,1.8419546795157955,-0.30832724916021653,0.5564255910338681
CHL,Chile,Latin America & Caribbean,-0.09233333333333328,0.4346450317535013,61.727864916414084,-0.07320083349691313,1.2394282086647632,-0.5427062107757723
CIV,Côte d'Ivoire,Sub-Saharan Africa,-1.0103333333333333,0.1465065734782962,55.212577587793184,-1.001291328453274,-0.4643366346706447,-0.6574929040946631
CMR,Cameroon,Sub-Saharan Africa,-0.8916666666666667,0.2462662069861917,45.986789723688354,-0.8813202986041585,0.1255428190204675,-0.8200333460994373
COD,Democratic Republic of the Congo,Sub-Saharan Africa,-1.6903333333333332,0.3171640369798641,67.5092187714623,-1.6887657691616895,0.5447622142204598,-0.4408499980785686
COG,Republic of the Congo,Sub-Saharan Africa,-1.2123333333333333,0.28045191017368193,104.80709229022129,-1.2055116770166563,0.32768313581190045,0.21626600511553695
COK,Cook Islands,,0.18166666666666662,0.094521430813586,,0.20381092643559537,-0.7717251692595052,
COL,Colombia,Latin America & Caribbean,0.25366666666666665,0.44017818179484286,37.359266250455185,0.2766023378047217,1.272145765945276,-0.9720335329021229
COM,Comoros,Sub-Saharan Africa,-0.6406666666666667,0.1237119020444165,39.06529799158277,-0.6275613506367874,-0.599121696119584,-0.9419765711161326
CPV,Cabo Verde,Sub-Saharan Africa,0.0196666666666666,0.0831373599865718,92.92706496310875,0.04003025085506106,-0.8390392645913469,0.006963025118496792
CRI,Costa Rica,Latin America & Caribbean,0.2266666666666666,0.4707582453062759,64.05169763275177,0.24930555854129932,1.4529659085587308,-0.5017647971618433
CUB,Cuba,Latin America & Caribbean,-0.5763333333333333,0.223808466560771,35.76160258559265,-0.5625208765893734,-0.00724996687359361,-1.000181259913286
CUW,Curaçao,Latin America & Caribbean,0.4413333333333333,0.3107748348799689,156.86361179793985,0.4663318035492501,0.5069828147611581,1.1334006514621575
CXR,Christmas Island,,0.8303333333333335,0.0458275197687375,,0.8596076233074469,-1.0596526268412887,
CYM,Cayman Islands,Latin America & Caribbean,0.54,0.1867541196593594,117.436583958714,0.5660829969069419,-0.22635259524637832,0.4387730894242221
CYP,Cyprus,Europe & Central Asia,0.5976666666666667,0.05460550053162929,131.40445291810468,0.6243835254572143,-1.0077483614099618,0.6848597790344885
CZE,Czechia,Europe & Central Asia,1.4873333333333332,0.0743577773367901,149.61896489426866,1.5238292520507244,-0.8909530019917484,1.0057640607192928
DEU,Germany,Europe & Central Asia,1.572,0.1545775251876874,77.49724021964842,1.6094265598644195,-0.41661303728266696,-0.26488048253640095
DJI,Djibouti,"Middle East, North Africa, Afghanistan & Pakistan",-0.4679999999999999,0.4962612272095462,286.7376548291344,-0.45299676226082697,1.6037652299235667,3.421528740919988
DMA,Dominica,Latin America & Caribbean,0.0833333333333333,0.3900914689428554,,0.10439673035276079,0.9759826609357171,
DNK,Denmark,Europe & Central Asia,1.062,0.10899398512479498,103.66412936041382,1.093820729333108,-0.6861488481522786,0.19612922086009243
DOM,Dominican Republic,Latin America & Caribbean,-0.15,0.5466558043753814,54.302906694560384,-0.13150136204718565,1.9017487389069347,-0.6735195363176103
DZA,Algeria,"Middle East, North Africa, Afghanistan & Pakistan",-1.043,0.165597299089864,54.93642683541433,-1.0343170613892665,-0.35145303237245396,-0.6623581433579946
ECU,Ecuador,Latin America & Caribbean,-0.9130000000000001,0.4016817066314163,53.97381014540279,-0.9028881241950109,1.0445158224507634,-0.6793175775635447
EGY,Egypt,"Middle East, North Africa, Afghanistan & Pakistan",-0.0463333333333333,0.1775568380704391,37.6549369152503,-0.02669520956663799,-0.28073618957550395,-0.9668243907397904
ERI,Eritrea,Sub-Saharan Africa,-1.467666666666667,0.3098137118684741,,-1.4636515895571693,0.5012996872574308,
ESP,Spain,Europe & Central Asia,0.86,0.0918984819884136,63.09337244877978,0.8896003807697256,-0.7872346851392922,-0.5186486233760966
EST,Estonia,Europe & Central Asia,0.9773333333333332,0.069357119846344,155.4334475917335,1.0082234215194128,-0.9205219268648259,1.1082039391986307
ETH,Ethiopia,Sub-Saharan Africa,-1.094,0.3670712619630281,38.87826168893275,-1.0858776444423979,0.8398640061288895,-0.9452717870642421
FIN,Finland,Europe & Central Asia,1.418,0.1044805973874509,75.19435634380552,1.4537338188804547,-0.7128365433570728,-0.30545281831723137
FJI,Fiji,East Asia & Pacific,0.008,0.2222862461474723,,0.028235346235063803,-0.01625086748058135,
FLK,Falkland Islands,,-0.8220000000000001,0.0427365760607574,,-0.8108878681590316,-1.0779293999381845,
FRA,France,Europe & Central Asia,1.2646666666666666,0.1297297544106122,62.98679161306861,1.2987150724462042,-0.563538090393082,-0.5205263704477732
FRO,Faroe Islands,Europe & Central Asia,-0.5630000000000001,0.1118392421652885,109.127483107321,-0.549040985595091,-0.6693248221445621,0.29238289002430257
FSM,Micronesia,East Asia & Pacific,-0.8026666666666668,0.2819039231078924,108.21079671217815,-0.7913420262173217,0.33626889907371843,0.27623265829981253
GAB,Gabon,Sub-Saharan Africa,-0.58,0.228119155513842,79.27501284586425,-0.5662278466128012,0.018239168914666665,-0.23355958586009873
GBR,United Kingdom,Europe & Central Asia,1.314,0.187018653626306,60.443988915287015,1.3485906691250502,-0.2247884039355427,-0.5653256093329886
GEO,Georgia,Europe & Central Asia,0.0119999999999999,0.1310639290125005,95.50438897777371,0.0322793135333485,-0.5556491060652864,0.05237046247819055
GHA,Ghana,Sub-Saharan Africa,-0.9856666666666666,0.2848096277710747,72.11842585566019,-0.9763535301138511,0.3534503523232438,-0.3596447321660563
GIB,Gibraltar,Europe & Central Asia,0.7043333333333334,0.17884885187247937,,0.7322226534114756,-0.273096502370272,
GIN,Guinea,Sub-Saharan Africa,-2.032,0.2817030392243624,88.23442956271104,-2.034187975890183,0.33508107117875474,-0.07571208549352268
GMB,The Gambia,Sub-Saharan Africa,-1.1929999999999998,0.3808478128434929,48.298427316302316,-1.1859658350749462,0.9213248537819957,-0.7793067868512876
GNB,Guinea-Bissau,Sub-Saharan Africa,-2.933666666666667,0.0575306807822602,49.42333047959378,-2.945765604378548,-0.990451748867238,-0.7594881805634328
GNQ,Equatorial Guinea,Sub-Saharan Africa,-2.0416666666666665,0.2436590503529231,103.64249236891514,-2.0439608968610377,0.11012668248867152,0.1957480191444609
GRC,Greece,Europe & Central Asia,0.36033333333333323,0.0777137477942163,65.26569444966343,0.38444146575898286,-0.8711091237574384,-0.48037653394576124
GRD,Grenada,Latin America & Caribbean,0.2403333333333333,0.3396349474650157,,0.26312244681043906,0.677632874775503,
GRL,Greenland,Europe & Central Asia,-1.2170000000000003,0.0705444472723693,89.52082713795191,-1.2102296388646556,-0.9135012509783128,-0.05304826170379059
GTM,Guatemala,Latin America & Caribbean,-0.2233333333333333,0.44133910104569124,52.67725525669681,-0.20564076251574023,1.279010290095876,-0.7021603534649575
GUM,Guam,East Asia & Pacific,0.6109999999999999,0.0,74.27728746772631,0.6378634164514969,-1.3306310915232185,-0.3216097886120605
GUY,Guyana,Latin America & Caribbean,-0.9763333333333334,0.331030583420782,,-0.9669176064178533,0.6267552062907815,
HKG,Hong Kong,East Asia & Pacific,1.162,0.4966554807196843,406.1822115082289,1.1949199117902276,1.6060964538565181,5.525909561686682
HMD,Heard and McDonald Islands,,1.2316666666666671,0.5225653955105319,,1.2653523422353552,1.7593019724072538,
HND,Honduras,Latin America & Caribbean,-0.49500000000000005,0.566136379677361,109.89376595414757,-0.48029354152424947,2.0169375253193347,0.305883303697206
HRV,Croatia,Europe & Central Asia,0.844,0.0570058391678695,87.52983062934915,0.8734245115765864,-0.9935551412303089,-0.08812574855966851
HTI,Haiti,Latin America & Caribbean,-1.1236666666666666,0.4898719132934977,41.39557754708713,-1.1158704019046766,1.5659851692945208,-0.9009215767323963
HUN,Hungary,Europe & Central Asia,1.285666666666666,0.0738168452548879,165.884269553732,1.3199459007621988,-0.8941515374086936,1.2923270998476597
IDN,Indonesia,East Asia & Pacific,0.2826666666666667,0.2581201869975109,44.169154279066085,0.3059211007172865,0.1956354908483858,-0.8520565481201479
IND,India,South Asia,0.6243333333333333,0.2262520809502517,46.88465599269315,0.6513433074457796,0.007199143156311802,-0.8042146884005074
IRL,Ireland,Europe & Central Asia,1.211666666666667,0.2601218015238678,216.33256999677283,1.2451325057439309,0.20747105240559802,2.1811280535640534
IRN,Iran,"Middle East, North Africa, Afghanistan & Pakistan",-0.169,0.2649977630881366,43.16383471916566,-0.15071020671403845,0.2363026493412673,-0.8697683238545572
IRQ,Iraq,"Middle East, North Africa, Afghanistan & Pakistan",-2.2113333333333336,0.2690207483853994,65.6603651728427,-2.2154925097632847,0.26009059127640827,-0.4734232032669263
ISL,Iceland,Europe & Central Asia,0.3619999999999999,0.0945738853222587,94.07107195752683,0.3861264521332682,-0.7714150053602259,0.027118203762126914
ISR,Israel,"Middle East, North Africa, Afghanistan & Pakistan",1.2186666666666666,0.3538341878330682,61.464924697131885,1.252209448515929,0.7615930885073696,-0.5473387061347048
ITA,Italy,Europe & Central Asia,1.227666666666667,0.1108389507600948,55.137339396552996,1.2613083749370702,-0.6752395526510737,-0.6588184547186268
JAM,Jamaica,Latin America & Caribbean,-0.399,0.4685734493590314,,-0.38323832636541433,1.440047193899608,
JOR,Jordan,"Middle East, North Africa, Afghanistan & Pakistan",0.085,0.24141440323681343,102.17602530785376,0.10608171672704615,0.09685406742362815,0.16991172117171463
JPN,Japan,East Asia & Pacific,2.0656666666666665,0.3712361289227834,33.840330484836834,2.1085195239277343,0.864490895387882,-1.0340303382866691
KAZ,Kazakhstan,Europe & Central Asia,-0.24933333333333332,0.2455215448742337,62.38168163335385,-0.23192654995459144,0.1211396264230178,-0.5311872316135725
KEN,Kenya,Sub-Saharan Africa,-0.36466666666666653,0.2826681870689535,42.741047673114366,-0.3485276070551363,0.340787997550467,-0.8772170094683291
KGZ,Kyrgyzstan,Europe & Central Asia,-0.1543333333333333,0.5486423217107278,119.3719158508935,-0.13588232662032748,1.9134950306615983,0.4728698739822871
KHM,Cambodia,East Asia & Pacific,-0.3846666666666667,0.24186886878166688,122.0087164050495,-0.36874744354656047,0.09954132556495214,0.5193251723117089
KIR,Kiribati,East Asia & Pacific,-0.6883333333333335,0.14626740193057583,103.13637563095294,-0.675751960941348,-0.46575085780826864,0.18683122639937075
KNA,Saint Kitts and Nevis,Latin America & Caribbean,0.5830000000000001,0.5147241294976324,,0.6095556453635035,1.7129365082481478,
KOR,South Korea,East Asia & Pacific,1.7636666666666667,0.3651598584380333,83.51651564607089,1.8031999929072327,0.8285618628925877,-0.1588325544059708
KWT,Kuwait,"Middle East, North Africa, Afghanistan & Pakistan",-0.0403333333333333,0.23168638372289027,98.55863725958505,-0.02062925861921079,0.03933221580299937,0.10618037801390902
LAO,Laos,East Asia & Pacific,-1.063,0.2567226063340218,91.26284479295198,-1.0545368978806904,0.18737158600752682,-0.02235729809238035
LBN,Lebanon,"Middle East, North Africa, Afghanistan & Pakistan",0.3456666666666666,0.162115433081195,77.09251279876644,0.369613585665272,-0.3720413319360923,-0.2720109926728372
LBR,Liberia,Sub-Saharan Africa,-1.1686666666666667,0.1956269574278214,,-1.1613650340103807,-0.17388743963675996,
LBY,Libya,"Middle East, North Africa, Afghanistan & Pakistan",-1.2956666666666667,0.13632773672267587,71.10793534323095,-1.289760995730923,-0.5245241719889442,-0.3774476100287608
LCA,Saint Lucia,Latin America & Caribbean,0.49433333333333335,0.3358760528176303,,0.5199143702515236,0.6554065028140756,
LKA,Sri Lanka,South Asia,-0.37000000000000005,0.2615422883356026,46.84330587818823,-0.3539195634528496,0.2158704014711219,-0.8049431970100243
LSO,Lesotho,Sub-Saharan Africa,-0.734,0.1506637742236032,137.04522210471782,-0.721920587596766,-0.43975507579461004,0.7842391632501445
LTU,Lithuania,Europe & Central Asia,0.848,0.0678642671524306,145.72668285340467,0.8774684788748712,-0.9293491759290204,0.937189619961689
LUX,Luxembourg,Europe & Central Asia,1.2423333333333335,0.0910666754061548,336.5187617394693,1.2761362550307809,-0.7921531636367162,4.298575041992494
LVA,Latvia,Europe & Central Asia,0.79,0.0584914582956249,128.55924616492752,0.8188309530497417,-0.984770664296519,0.6347327687380885
MAC,Macao,East Asia & Pacific,0.6676666666666667,0.349405702242038,118.5437654820575,0.6951529531771984,0.735407420324165,0.45827947487710646
MAR,Morocco,"Middle East, North Africa, Afghanistan & Pakistan",-0.3933333333333333,0.10504018052603929,72.75968656113457,-0.3775093726928441,-0.70952772410345,-0.34834696550987354
MDA,Moldova,Europe & Central Asia,-0.0356666666666666,0.0268622251577255,92.13608134779963,-0.015911296771211825,-1.171794554701813,-0.0069725680627748645
MDG,Madagascar,Sub-Saharan Africa,-1.3626666666666667,0.2819835134032584,59.73120115154728,-1.3574974479771933,0.3367395170812102,-0.5778835436666643
MDV,Maldives,South Asia,-0.8323333333333333,0.1713080846697315,148.99802016890652,-0.8213347836796006,-0.31768511483361594,0.9948242221269075
MEX,Mexico,Latin America & Caribbean,0.9503333333333334,0.7597563775677746,69.01723663742634,0.9809266422559906,3.161814010558548,-0.41428165572175313
MHL,Marshall Islands,East Asia & Pacific,-0.213,0.2222464142795708,141.54196178742816,-0.1951938469951712,-0.01648639361125208,0.8634629722488208
MKD,North Macedonia,Europe & Central Asia,0.0663333333333333,0.03498809936972191,113.938521636863,0.08720986933505039,-1.1237462001481069,0.377144033529051
MLI,Mali,Sub-Saharan Africa,-0.8569999999999999,0.0823186861318861,51.964492610183235,-0.8462725820190233,-0.8438800891731151,-0.7147178452819505
MLT,Malta,"Middle East, North Africa, Afghanistan & Pakistan",1.0236666666666665,0.1504701022369768,200.25838820492,1.055066042724545,-0.4409002596896312,1.8979322277118016
MMR,Myanmar,East Asia & Pacific,-1.2893333333333332,0.40322217434528634,,-1.2833580475086386,1.053624619481524,
MNE,Montenegro,Europe & Central Asia,0.19399999999999998,0.0659006087854503,104.662802596024,0.21627982560530684,-0.9409603024339975,0.213723901284729
MNG,Mongolia,East Asia & Pacific,-1.252,0.6306271081644558,104.3107780748865,-1.2456143527246473,2.3982716817354017,0.20752191375748175
MNP,Northern Mariana Islands,East Asia & Pacific,0.86,0.0,126.965307526274,0.8896003807697256,-1.3306310915232185,0.6066506694451661
MOZ,Mozambique,Sub-Saharan Africa,-1.4283333333333337,0.1748502217035759,107.7630037427527,-1.4238859111240356,-0.2967404322505768,0.2683434169418762
MRT,Mauritania,Sub-Saharan Africa,-1.8356666666666663,0.3258011523220124,89.01872444029169,-1.8356965809993702,0.5958335413729429,-0.06189433486432932
MSR,Montserrat,,1.0359999999999998,0.3056017553812447,,1.0675349418942566,0.47639435727282337,
MUS,Mauritius,Sub-Saharan Africa,0.0286666666666666,0.1759862562618941,129.25132662904932,0.049129177276201856,-0.2900230514716876,0.6469258807192235
MWI,Malawi,Sub-Saharan Africa,-1.1486666666666665,0.1557600564740523,45.3003137160008,-1.1411451975189564,-0.409620721005579,-0.8321277184564408
MYS,Malaysia,East Asia & Pacific,0.9499999999999998,0.299873231266093,136.71653887510752,0.9805896449811333,0.44252155164313356,0.7784484038909059
NAM,Namibia,Sub-Saharan Africa,-0.3596666666666666,0.0782157849933335,95.57388931043177,-0.3434726479322804,-0.8681405740712127,0.05359492319158618
NCL,New Caledonia,East Asia & Pacific,-0.3999999999999999,0.19753179089752207,59.76468793558494,-0.3842493181899854,-0.162624145186198,-0.5772935716492091
NER,Niger,Sub-Saharan Africa,-0.8786666666666667,0.142255895875101,42.90156096529251,-0.8681774048847328,-0.4894709229014788,-0.8743890773889686
NFK,Norfolk Island,,0.9996666666666668,0.064192692338763,,1.0308022389348364,-0.9510592250652863,
NGA,Nigeria,Sub-Saharan Africa,-2.0240000000000005,0.2492748059686161,,-2.026100041293614,0.1433326871437067,
NIC,Nicaragua,Latin America & Caribbean,-1.1953333333333334,0.4300883979382974,103.54136256462313,-1.188324815998946,1.212484799080463,0.19396630864649517
NIU,Niue,,1.2233333333333334,0.0201994163594507,,1.256927410363928,-1.2111917926002824,
NLD,Netherlands,Europe & Central Asia,1.0216666666666667,0.1273313927731763,153.78306096248116,1.0530440590754029,-0.5777196205641251,1.0791273360782452
NOR,Norway,Europe & Central Asia,1.0006666666666666,0.0919430282066151,69.04436722552609,1.0318132307594075,-0.7869712830202916,-0.41380366751667624
NPL,Nepal,South Asia,-0.1326666666666666,0.14200657020668192,43.19892509079588,-0.11397750375461815,-0.4909451874301931,-0.8691500997420042
NRU,Nauru,East Asia & Pacific,1.0996666666666666,0.0346009147918715,168.19940513717816,1.1319014213919563,-1.1260356254319512,1.333115286892196
NZL,New Zealand,East Asia & Pacific,0.488,0.2923339994030443,54.89907049880545,0.5135114220292395,0.3979420176548313,-0.6630162893671513
OMN,Oman,"Middle East, North Africa, Afghanistan & Pakistan",-0.2606666666666666,0.2830530311172508,97.51533261027073,-0.24338445729973168,0.3430635832656841,0.08779937886857044
PAK,Pakistan,"Middle East, North Africa, Afghanistan & Pakistan",-0.4746666666666666,0.3377587509317876,28.090145395702972,-0.4597367077579683,0.666538910742945,-1.1353374179382092
PAN,Panama,Latin America & Caribbean,0.777,0.3241275270260941,111.04557678254316,0.8056880593303161,0.5859373825707779,0.3261759707204436
PCN,Pitcairn,,0.3083333333333333,0.0068246710721609,,0.3318698908812806,-1.2902767607973624,
PER,Peru,Latin America & Caribbean,-0.6353333333333334,0.4102288346240233,47.88755317486516,-0.6221693942390745,1.0950550537372137,-0.7865455902511973
PHL,Philippines,East Asia & Pacific,0.6463333333333333,0.3478323556674367,60.03683107438362,0.673585127586346,0.7261042103457608,-0.572498938744088
PLW,Palau,East Asia & Pacific,-0.18333333333333332,0.318465684814151,132.965900338375,-0.16520108953289228,0.5524588675299027,0.7123694462408435
PNG,Papua New Guinea,East Asia & Pacific,-2.6053333333333337,0.2036661793538015,,-2.6138232886443373,-0.12635146069369957,
POL,Poland,Europe & Central Asia,1.1103333333333334,0.07960221082602038,93.49477593101257,1.1426853341873826,-0.8599426278277167,0.016964988421063875
PRK,North Korea,East Asia & Pacific,0.27566666666666656,0.8464649054996304,,0.298844157945288,3.6745221800683683,
PRT,Portugal,Europe & Central Asia,0.7143333333333333,0.0647037706920464,79.85951598271446,0.7423325716571875,-0.9480372149673412,-0.2232617771941906
PRY,Paraguay,Latin America & Caribbean,-0.6653333333333333,0.2061909555713146,70.49551149422236,-0.6524991489762103,-0.11142244017197654,-0.38823732734921
PSE,Palestine,"Middle East, North Africa, Afghanistan & Pakistan",0.102,0.020167996826542,67.59877095376656,0.12326857774475652,-1.2113775765316752,-0.4392722627665678
PYF,French Polynesia,East Asia & Pacific,0.065,0.14165287893552822,55.66662691906185,0.08586188023562216,-0.49303656654283734,-0.6494934378069629
QAT,Qatar,"Middle East, North Africa, Afghanistan & Pakistan",-0.16,0.1318596270630107,96.98560154441866,-0.14161128029289766,-0.5509441375842135,0.07846654758569864
ROU,Romania,Europe & Central Asia,0.9596666666666668,0.05036160576091251,82.9893749471316,0.9903625659519886,-1.0328425427019856,-0.16811974846098082
RUS,Russia,Europe & Central Asia,0.7553333333333333,0.19439540864933516,47.33231242292262,0.7837832364646067,-0.18116959670873764,-0.7963278525976946
RWA,Rwanda,Sub-Saharan Africa,-0.7643333333333334,0.1243305572059462,45.916539876659215,-0.7525873396087591,-0.5954635835556736,-0.8212710117985708
SAU,Saudi Arabia,"Middle East, North Africa, Afghanistan & Pakistan",0.559,0.2544060684872942,70.75853383191547,0.5852918415737947,0.17367388051851954,-0.3836033852235619
SDN,Sudan,Sub-Saharan Africa,-2.107666666666667,0.2435731990907131,20.175190100930866,-2.110686357282737,0.1096190433377406,-1.2747835390728313
SEN,Senegal,Sub-Saharan Africa,-0.7326666666666667,0.2202099279220228,58.49473101113128,-0.7205725984973378,-0.028528152565235592,-0.5996677431420142
SGP,Singapore,East Asia & Pacific,1.5816666666666668,0.23289508816755902,340.9712548795541,1.6191994808352745,0.04647929415948504,4.377019312950466
SGS,South Georgia and South Sandwich Islds.,,-0.3393333333333333,0.0,,-0.3229158141659994,-1.3306310915232185,
SHN,"Saint Helena, Ascension and Tristan da Cunha",,1.1716666666666666,0.17267286499246007,,1.2046928327610826,-0.30961515865123085,
SLB,Solomon Islands,East Asia & Pacific,-1.6033333333333333,0.4692499130004501,92.30335434747384,-1.6008094804239952,1.4440471284343555,-0.004025543082036405
SLE,Sierra Leone,Sub-Saharan Africa,-0.23899999999999996,0.317169686346843,46.48897889330322,-0.22147963443402235,0.5447956189693549,-0.8111857494712083
SLV,El Salvador,Latin America & Caribbean,0.09233333333333328,0.45660244286526835,76.64803452712697,0.11349565677390155,1.3692625436120265,-0.27984183550143577
SMR,San Marino,Europe & Central Asia,1.164,0.0453955967562662,318.453475417429,1.19694189543937,-1.0622065908212488,3.9802998261540963
SOM,Somalia,Sub-Saharan Africa,-1.8990000000000002,0.1447401441562196,78.85537175723861,-1.8997260632222133,-0.47478154436859415,-0.24095284582155507
SPM,Saint Pierre and Miquelon,,0.3913333333333333,0.0078504810818041,,0.4157822123206901,-1.284211138593254,
SRB,Serbia,Europe & Central Asia,0.6446666666666667,0.032609367781387295,91.45828785249533,0.6719001412120608,-1.1378116576930521,-0.01891397143531072
SSD,South Sudan,Sub-Saharan Africa,-2.839,0.7015507161638658,63.1542312442691,-2.8500583783191407,2.8176435024747333,-0.5175764097435679
STP,Sao Tome and Principe,Sub-Saharan Africa,0.57,0.059766735246031995,,0.5964127516440778,-0.9772299422192727,
SUR,Suriname,Latin America & Caribbean,-0.6713333333333334,0.21836996978125098,,-0.6585650999236377,-0.03940783871411355,
SVK,Slovakia,Europe & Central Asia,1.207,0.05916037117268249,180.57608344363348,1.2404145438959318,-0.9808153774875068,1.551168291374252
SVN,Slovenia,Europe & Central Asia,1.3713333333333333,0.061815058263014,148.24264912361417,1.4065542004004654,-0.9651181930101634,0.98151605317831
SWE,Sweden,Europe & Central Asia,1.4400000000000002,0.09606965448541828,84.07593784184485,1.4759756390210212,-0.7625705111917228,-0.14897662315026075
SWZ,Eswatini,Sub-Saharan Africa,0.3533333333333333,0.0242218212022027,88.26483953969864,0.37736452298698453,-1.1874072828969737,-0.07517632083323272
SXM,Sint Maarten,Latin America & Caribbean,0.8593333333333334,0.7599847907541214,,0.8889263862200115,3.1631646194254843,
SYC,Seychelles,Sub-Saharan Africa,0.4363333333333333,0.0396879015487962,199.6389824708178,0.4612768444263941,-1.095956234965153,1.8870195031527448
SYR,Syria,"Middle East, North Africa, Afghanistan & Pakistan",-0.5533333333333333,0.1551693349810682,52.26456069398912,-0.539268064624236,-0.4131136615799596,-0.7094312291477233
TCA,Turks and Caicos Islands,Latin America & Caribbean,0.48166666666666663,0.8074607696225772,,0.5071084738069551,3.4438904350045787,
TCD,Chad,Sub-Saharan Africa,-2.105,0.479210773991441,47.08120111823396,-2.1079903790838803,1.5029457734378358,-0.8007519454836034
TGO,Togo,Sub-Saharan Africa,-1.0153333333333332,0.2471382259398088,70.4264478649344,-1.00634628757613,0.1306990735683277,-0.38945409419842336
THA,Thailand,East Asia & Pacific,0.9329999999999999,0.2550017702161345,127.89150416736685,0.963402783963423,0.17719626926449836,0.6229684532099866
TJK,Tajikistan,Europe & Central Asia,-1.0916666666666666,0.3656692750711932,61.495902066541156,-1.0835186635183982,0.8315740472271036,-0.5467929451232775
TKL,Tokelau,,0.4426666666666667,0.1004073432313284,,0.4676797926486784,-0.7369217254279194,
TKM,Turkmenistan,Europe & Central Asia,-1.6576666666666668,0.4654905876623255,82.65688837402729,-1.655740036225697,1.421818209795389,-0.1739775153367283
TLS,Timor-Leste,East Asia & Pacific,-1.0263333333333333,0.2003800125519782,78.31544794066585,-1.0174671976464131,-0.1457825893941069,-0.25046525355164084
TON,Tonga,East Asia & Pacific,-0.8969999999999999,0.2384637997925895,82.10753257514877,-0.8867122550018713,0.0794071273484105,-0.18365609625392185
TTO,Trinidad and Tobago,Latin America & Caribbean,-0.1426666666666667,0.4025416838909625,,-0.12408742200033024,1.0496008743721676,
TUN,Tunisia,"Middle East, North Africa, Afghanistan & Pakistan",0.3693333333333333,0.073714201046863,94.460529579679,0.39354039218012377,-0.894758473372923,0.03397968973808759
TUR,Turkiye,Europe & Central Asia,0.5936666666666667,0.1166583931608438,52.93060932099735,0.6203395581589295,-0.640829146523539,-0.6976967475158833
TUV,Tuvalu,East Asia & Pacific,0.715,0.1348537815935257,,0.7430065662069016,-0.5332396796123707,
TWN,Taiwan,,1.7603333333333333,0.3916210396243143,,1.799830020158662,0.9850270237329153,
TZA,Tanzania,Sub-Saharan Africa,-1.1276666666666666,0.2709154464616526,42.941223702962866,-1.1199143692029614,0.2712939550702556,-0.8736902970780598
UGA,Uganda,Sub-Saharan Africa,-0.6733333333333333,0.15462932084012507,38.060234397361064,-0.66058708357278,-0.41630676920519755,-0.9596838372330253
UKR,Ukraine,Europe & Central Asia,0.6646666666666666,0.105053610365387,102.4465074021842,0.6921199777034847,-0.7094483133636647,0.17467708970331713
URY,Uruguay,Latin America & Caribbean,0.2313333333333333,0.294215108581718,49.00723801534745,0.25402352038929826,0.40906503019638774,-0.7668189206638629
UZB,Uzbekistan,Europe & Central Asia,-0.5856666666666667,0.2102338088184675,37.58038090499923,-0.5719568002853714,-0.08751701890160711,-0.9681379226612723
VAT,Vatican City,,0.4743333333333332,0.0339550233794772,,0.4996945337600996,-1.129854786149465,
VCT,Saint Vincent and the Grenadines,Latin America & Caribbean,0.09099999999999998,0.2091946500908044,,0.11214766767447333,-0.09366157217448728,
VEN,Venezuela,Latin America & Caribbean,-0.755,0.5440246634042492,53.58575742616005,-0.7431514159127611,1.8861907828072568,-0.6861543118821686
VGB,British Virgin Islands,Latin America & Caribbean,0.8263333333333334,0.1987175940815553,,0.855563656009162,-0.15561248215390214,
VNM,Vietnam,East Asia & Pacific,0.3046666666666666,0.3700800714023151,140.13080214905233,0.3281629208578528,0.8576551186851199,0.8386010835148161
VUT,Vanuatu,East Asia & Pacific,-1.9066666666666665,0.1083436098433735,106.1164799564145,-1.9074770005439254,-0.6899945220206448,0.23933486960208167
WSM,Samoa,East Asia & Pacific,0.3163333333333333,0.2424145640791444,77.4949603376,0.3399578254778502,0.1027680259109631,-0.264920649624711
YEM,Yemen,"Middle East, North Africa, Afghanistan & Pakistan",-1.8829999999999998,0.26948650048964634,44.42261064651182,-1.8835501940290738,0.2628445869272335,-0.8475911397885905
ZAF,South Africa,Sub-Saharan Africa,0.4736666666666666,0.25985510277746254,56.68018072623545,0.4990205392103855,0.2058940607377487,-0.631636590647644
ZMB,Zambia,Sub-Saharan Africa,-0.5943333333333333,0.2310929595667461,76.23782921185733,-0.5807187294316551,0.035823294361284945,-0.2870688554848509
ZWE,Zimbabwe,Sub-Saharan Africa,-0.9699999999999999,0.1933620448450228,58.41459024920533,-0.9605146581955689,-0.18727988455681494,-0.6010796675280847
