country_iso3_code,pre_export_intensity,pre_import_intensity,pre_total_trade_intensity,pre_log_total_trade_openness,pre_real_gdp_usd,z_pre_export_intensity,z_pre_import_intensity,z_pre_total_trade_intensity,z_pre_log_total_trade_openness
ABW,9.971740937124755,67.80210421158344,77.77384514870819,4.331633125175961,3022216404.8181024,-0.6004068281262187,-0.02405066595767505,-0.04679040226109281,0.5080710598059999
AFG,4.590222163425522,52.368756351553515,56.95897851497904,4.041235304449629,19595194523.46372,-0.8175470120455046,-0.04906117614366872,-0.07955935389278902,0.08714474231724546
AGO,29.433880348738793,13.744019936042642,43.17790028478143,3.7601092802817857,101330353725.80083,0.18487567464125051,-0.11165448851585433,-0.10125497625273208,-0.3203422760331479
AIA,,,,,,,,,
ALB,17.933625083741575,37.93531033016681,55.86893541390838,4.02212923887494,11899515047.54695,-0.27915086663265276,-0.07245129551444937,-0.0812754143549573,0.05945085052447041
AND,3.1090453875533988,48.69965881834977,51.808704205903155,3.9469014747697138,2862217399.8990254,-0.8773113668781397,-0.05500713174966247,-0.08766745723516622,-0.04959041444964474
ANS,,,,,,,,,
ARE,39.38064268194941,56.76112289606218,96.14176557801159,4.563747474493056,394953044550.231,0.5862199592678213,-0.04194312702053836,-0.017873690628295146,0.8445165539559625
ARG,9.439852687320608,9.419671369562579,18.859524056883185,2.9365582669953234,591972228894.9923,-0.6218681139162875,-0.11866231111213235,-0.13953952106370307,-1.5140643722243812
ARM,14.641964182273592,24.784461922156577,39.42642610443016,3.6630354306732436,10831769739.986643,-0.41196687705666973,-0.09376290146320304,-0.10716094135578418,-0.4610490414557706
ASM,5.130842993224868,25.210104581844984,30.34094757506985,3.4057318449445884,650052926.2086514,-0.795733373303419,-0.09307312629761498,-0.12146425694835127,-0.834005872008164
ATA,,,,,,,,,
ATF,,,,,,,,,
ATG,17.72050502939832,76.13975593231332,93.86026096171163,4.519856632241276,1490505561.1238852,-0.2877500985117923,-0.010539085373876945,-0.021465475083828334,0.7808975827312027
AUS,12.944363648341458,13.165278370867151,26.109642019208607,3.2600569764906044,1392389371115.2366,-0.4804637656972933,-0.11259236809597878,-0.12812562305454875,-1.045158923279785
AUT,35.90417678233859,37.20760332278812,73.1117801051267,4.291663481609821,387838923626.507,0.4459472079174217,-0.07363058102563777,-0.054129915245018825,0.45013579419156374
AZE,26.820311098633614,17.345808024803414,44.16611912343703,3.783452767160552,52018551895.173096,0.07942014591073857,-0.10581761122268825,-0.09969921825075853,-0.286506319741706
BDI,5.933444852554426,15.158757158742986,21.092202011297413,3.0486297695556104,2907541576.7721314,-0.7633489995462345,-0.10936183626439508,-0.13602460467318442,-1.3516187837893727
BEL,61.35916700417655,61.924782287478486,123.28394929165505,4.8140535780263845,467006185329.10205,1.473036676683518,-0.03357515935873974,0.024856388835665766,1.2073306623460307
BEN,8.249978749586356,48.53603484022448,56.786013589810835,4.031224476777171,11864198290.947882,-0.6698786210881835,-0.05527229256951114,-0.07983165346436698,0.0726342311273102
BES,,,,,,,,,
BFA,16.724458536885,20.22372700259483,36.94818553947983,3.6067407411624965,12561377080.137995,-0.3279398158892588,-0.10115379993810433,-0.11106244822746263,-0.5426471618916067
BGD,15.742865816494778,22.26840757653652,38.011273393031296,3.6360708167250304,208992912948.7294,-0.3675463345696445,-0.09784029305771365,-0.10938882355014563,-0.5001337550508616
BGR,50.041334312970854,55.19141528445498,105.23274959742582,4.654582663477977,52268977287.20816,1.0163707473278918,-0.04448691651878515,-0.0035617077144110237,0.9761804951735179
BHR,28.061996736359646,35.32074801006517,63.38274474642481,4.138799987901025,33908010927.292233,0.12952121571717742,-0.07668832419622824,-0.06944638566504797,0.22856296239698043
BHS,13.668234982832905,76.88400032967257,90.55223531250549,4.494055692538606,11877823853.830004,-0.4512561086556501,-0.009333000197164923,-0.026673316882804384,0.7434995936222252
BIH,30.568632600747843,45.59476249360565,76.1633950943535,4.331603682115972,16942071825.396875,0.23066206377516682,-0.06003877114901678,-0.0493257420672531,0.5080283826303039
BLM,,,,,,,,,
BLR,37.49459468678028,46.64165517586122,84.13624986264149,4.426193971142497,55968377441.453125,0.5101193590890893,-0.05834222932732908,-0.03677403578606996,0.6451352725186194
BLZ,18.936308802398354,45.741072471843374,64.67738127424172,4.166257882936345,2179422103.057162,-0.23869334223525204,-0.05980166852979155,-0.06740823271854221,0.26836267788486684
BMU,4.306888824089996,45.590008597588515,49.89689742167851,3.8746842958476724,6704966289.056861,-0.8289792964991908,-0.06004647507468722,-0.09067722449160827,-0.1542678913916231
BOL,21.97127005910993,21.401811877918743,43.37308193702868,3.765625217139713,34419418892.22456,-0.11623496697304764,-0.09924465462229358,-0.10094770077341093,-0.31234702667727954
BRA,10.622934351080614,8.667086692363162,19.290021043443776,2.957695987188209,1770539319936.0525,-0.5741316698262124,-0.11988191212842685,-0.13886178744290073,-1.4834256343073915
BRB,5.739376097435656,23.454293295778673,29.193669393214332,3.3702774436619674,5768655113.725318,-0.7711795260112587,-0.09591850608514471,-0.12327042289266739,-0.8853963767073234
BRN,40.356714390411675,28.25451647527454,68.61123086568621,4.21822632757936,12772545801.055597,0.6256037093217522,-0.08813950493680982,-0.06121515306750448,0.3436899856948553
BTN,9.922439187131603,22.325925362539095,32.2483645496707,3.46154596654533,2327949867.494182,-0.602396116189911,-0.09774708261590025,-0.11846140059178506,-0.7531043259479753
BVT,,,,,,,,,
BWA,38.4387282427368,42.924280985697386,81.3630092284342,4.39853432259233,14379561828.253143,0.5482144290137169,-0.0643664196644775,-0.04113996278452281,0.605043119009566
CAF,6.105917358952311,16.80289342294005,22.90881078189236,3.130930625918486,1776337707.8207521,-0.7563898652692553,-0.10669743142133711,-0.133164708139383,-1.2323252012536998
CAN,24.8077126507762,25.28317778657606,50.090890437352265,3.913443029119245,1583189684500.4714,-0.0017866686523230302,-0.09295470752368305,-0.0903718202889602,-0.09808781805041668
CCK,,,,,,,,,
CHE,41.42755118282869,35.2587431234732,76.68629430630189,4.339713197782891,706909329524.7223,0.668811158339557,-0.07678880620841083,-0.0485025391476234,0.519782976923594
CHL,24.215064880704816,23.568892185507753,47.783957066212565,3.8658517390270664,246400335852.1212,-0.02569955481033148,-0.09573279286693262,-0.09400363736406576,-0.16707052058218977
CIV,22.519555935492264,18.358735466873156,40.87829140236542,3.7075167021271063,49218729861.746895,-0.09411204943908742,-0.10417611176726752,-0.10487526234755626,-0.39657425392650475
CMR,10.957337759748006,17.07128177740969,28.0286195371577,3.328719885861671,33581678765.67564,-0.5606387469702805,-0.10626249470286596,-0.12510456687511168,-0.9456332948940811
COD,13.869150134617229,12.848687041790797,26.717837176408025,3.2817942280505346,40855338594.357124,-0.4431493352994307,-0.11310542013967491,-0.12716813828947202,-1.013651175637041
COG,58.53939782013078,51.39851496189063,109.9379127820214,4.696240718860862,11503040633.631754,1.3592611376617056,-0.05063350072153184,0.0038456548946487,1.036563082763888
COK,,,,,,,,,
COL,12.229561147828901,14.82958397541089,27.059145123239787,3.295525328780469,298934208802.31354,-0.5093055021947709,-0.10989527783062876,-0.12663081543278265,-0.9937481968513796
COM,6.007119545038537,40.25692195802541,46.26404150306394,3.8332831116906196,1000108544.0796255,-0.7603762818156226,-0.06868900804493294,-0.09639644825493028,-0.21427814884918464
CPV,4.342716096444357,38.215047807742565,42.55776390418692,3.7456837330151522,1827478815.3447254,-0.8275336933459745,-0.07199796697577034,-0.10223126014723598,-0.3412518423429663
CRI,20.253081155984077,23.52786518764159,43.780946343625665,3.7790191690487425,58839037149.78302,-0.18556258063040273,-0.09579927916383581,-0.10030559773968746,-0.2929327389268134
CUB,2.132743658851037,9.0804921858899,11.213235844740938,2.414178800170191,87959039496.6967,-0.9167043980735736,-0.11921196790112319,-0.1515771119353967,-2.2712438329809337
CUW,41.77980346438566,64.20868649200573,105.98848995639138,4.658473318670247,3024133454.3523383,0.6830242696227665,-0.029873978649977335,-0.0023719417790899126,0.9818199285501348
CXR,,,,,,,,,
CYM,28.330585936352197,89.41639027362275,117.74697620997495,4.71482402664001,4861451948.4837,0.1403585853776063,0.010976362955322385,0.016139503626054767,1.0634992467153683
CYP,11.254323919545946,33.66791970957288,44.92224362911882,3.802464571563485,30210212714.558594,-0.5486555816090123,-0.07936681491775345,-0.09850884755128567,-0.2589490577893698
CZE,74.63978225378803,69.01124655840209,143.6510288121901,4.967114121090131,195706818826.63272,2.0088993874029364,-0.02209119045983154,0.0569203869112447,1.4291891135682506
DEU,36.49596394080107,27.72053777195178,64.21650171275284,4.162143955829063,3508495350382.2285,0.4698253690524583,-0.08900484406605638,-0.06813379778336918,0.262399615960524
DJI,4.242247760134336,172.99685128011262,177.23909904024694,5.177388629340794,2586775604.869,-0.8315875141987495,0.14642266989476882,0.10979825867822898,1.7339781584664948
DMA,11.047250516439282,47.219841024118494,58.26709154055777,4.041826050795806,573926521.3643421,-0.557010835715924,-0.05740525031419563,-0.0774999848265217,0.0880010183163014
DNK,25.895675644974688,26.443730536376716,52.3394061813514,3.957532243914731,311109923540.3888,0.042111809563938216,-0.09107397389197082,-0.08683197038481433,-0.03418130946017508
DOM,12.803178871557336,21.70335321134172,34.50653208289905,3.5409304889733755,75139082624.38072,-0.4861604639132942,-0.09875599184740692,-0.11490635582619822,-0.6380379159877897
DZA,15.728814958496073,23.75750400954276,39.48631896803883,3.6748487418184177,193342726434.62207,-0.36811327598866794,-0.0954271379961289,-0.10706665171246281,-0.44392586351576435
ECU,17.974201231549497,17.693018742695653,35.66721997424514,3.5719363786640983,98685010084.49861,-0.2775136499716595,-0.10525493893179665,-0.11307907890723959,-0.593095447289728
EGY,7.240257491280485,19.32917733297376,26.569434824254245,3.2789841714493773,343700885461.31366,-0.7106201048505895,-0.10260346230733519,-0.12740176887598162,-1.0177243011656751
ERI,,,,,,,,,
ESP,21.730101969158895,23.131131631251765,44.86123360041066,3.8030575103401723,1241588945290.231,-0.12596591572739596,-0.09644220568523634,-0.09860489595337085,-0.25808960390248115
EST,52.962037012185554,68.85612790100512,121.81816491319069,4.802514734945504,24243932540.16331,1.134218876815153,-0.02234256798310451,0.022548796947348716,1.1906053208335927
ETH,3.6585811698297714,15.648174423638233,19.306755593468008,2.955590992337058,68175764372.76459,-0.8551380165932915,-0.10856871116931671,-0.13883544215470014,-1.486476785754781
FIN,24.263078660325217,24.442648906917935,48.705727567243144,3.884516041241001,239843401336.05972,-0.023762235370253154,-0.09431682650764993,-0.09255248932188473,-0.14001695668229955
FJI,16.940434448608908,42.65698754001956,59.59742198862847,4.087281918349805,4844424909.703639,-0.3192253523398493,-0.06479958202862586,-0.07540563875771909,0.1538884650261464
FLK,,,,,,,,,
FRA,19.80486780758645,21.320692303651132,41.12556011123758,3.716370355576282,2473597408692.651,-0.20364764787606407,-0.0993761129394976,-0.10448598594700828,-0.3837410455595754
FRO,43.95423216697844,36.45914284066703,80.41337500764547,4.386987025187193,2628193214.458895,0.7707608117134325,-0.0748434985780493,-0.04263497682407489,0.588305523109105
FSM,15.44334303366126,58.97460368123517,74.41794671489644,4.296861218832676,314395211.06418747,-0.37963185073848976,-0.03835607097630539,-0.05207361043117371,0.4576698190097198
GAB,45.108476658530314,22.550660451222726,67.65913710975303,4.192436576665204,14606784816.39225,0.817333697867486,-0.09738288819252247,-0.06271403916588851,0.30630821452971335
GBR,13.545435915974556,19.381617230621707,32.92705314659626,3.4939483062300933,3019186828372.6196,-0.45621095747882145,-0.1025184808369393,-0.1173929376418664,-0.7061377285836639
GEO,14.790933399788988,49.03717644611056,63.82810984589955,4.155495943675105,15844843844.824095,-0.4059560825858423,-0.05446016759492286,-0.06874524509759009,0.25276344421657987
GHA,22.108991109564702,28.01902654744849,50.128017657013196,3.913432633241738,51933373491.92084,-0.11067802747643969,-0.08852112811358315,-0.0903133707160325,-0.09810288668428271
GIB,,,,,,,,,
GIN,31.84280582024579,36.663251672289746,68.50605749253553,4.215170700627791,9763199213.889816,0.28207398276335016,-0.07451273003329485,-0.06138072804996112,0.3392609104451643
GMB,10.875700378343426,71.17888235838137,82.0545827367248,4.401460152081732,1418617139.9535143,-0.563932753134398,-0.01857842850133829,-0.040051215052350715,0.6092840552173295
GNB,23.33830811864944,23.774181092778093,47.11248921142754,3.8516589713065237,1213008787.9282799,-0.061076022415649536,-0.09540011195071653,-0.09506073266248265,-0.1876426772073293
GNQ,36.81702411347683,14.143609476549221,50.960633590026056,3.9154803241534837,12183369592.532763,0.4827799024984229,-0.11100693372970588,-0.08900257916897228,-0.09513479624654975
GRC,14.198960706715047,24.03914461387879,38.23810532059384,3.6421458809441964,195481235109.7112,-0.42984172990114694,-0.09497072534558672,-0.1090317208795584,-0.49132806083495667
GRD,3.0084955942142653,29.001366775630455,32.00986236984472,3.4655013971312076,1037166441.9570535,-0.8813684744600013,-0.08692919676428167,-0.11883687580055276,-0.7473710018258054
GRL,28.170587959937695,26.982297610583302,55.152885570521,4.0087019575939555,2577577716.9761124,0.13390278888477403,-0.09020119907879048,-0.08240269530740033,0.03998825246035916
GTM,16.71067106542797,24.874158454763833,41.584829520191796,3.7273541185639303,63951721580.61477,-0.32849612986192256,-0.09361754375710014,-0.1037629557536007,-0.36782028246639425
GUM,0.45313253351544086,15.346277538272465,15.799410071787905,2.7381309280254693,5823272429.481341,-0.9844754277781769,-0.10905795013386538,-0.14435707425439095,-1.8016811624357136
GUY,30.96305276621263,32.15228926148741,63.115342027700045,4.143549955082549,4443780802.007562,0.24657661705872386,-0.08182296967457173,-0.06986735914089418,0.23544795274887348
HKG,45.22350859688117,196.3178353777308,241.54134397461198,5.486257387423575,317872638028.21814,0.8219751489708752,0.18421548812259206,0.21102961370643,2.1816777610390328
HMD,,,,,,,,,
HND,31.530047016344195,47.42884849831669,78.95889551466088,4.368328405460537,21876145704.27498,0.2694544032250472,-0.05706654327475146,-0.04492477137301873,0.561260195870352
HRV,23.995134907691853,41.25509427442376,65.25022918211562,4.17700347044246,52755078155.59005,-0.03457356172131572,-0.0670714200068046,-0.0665063953099364,0.28393820998386504
HTI,6.128896279587952,26.88324207320777,33.01213835279572,3.4955035547928337,15155566587.26432,-0.7554626833225018,-0.09036172351904664,-0.11725898756399249,-0.7038834243032233
HUN,76.64043337066983,72.37913774028773,149.01957111095757,5.003748827947681,129044050448.68477,2.0896241362602965,-0.016633354773511067,0.06537211067275835,1.4822904495605773
IDN,16.85847912176789,14.985456949000044,31.843936070767928,3.459892894236818,905019182876.8673,-0.3225321873601778,-0.10964267790033307,-0.11909809442686206,-0.7555004239545798
IND,11.605481988043183,15.241836844631495,26.847318832674677,3.288476552986497,2270957156697.6875,-0.5344866209894032,-0.10922720148851829,-0.12696429465184245,-1.0039652681446127
IRL,42.426547032272794,22.995153488587704,65.4217005208605,4.180590844754052,314868086001.12335,0.7091198800229314,-0.09666256504945309,-0.06623644709914901,0.2891380432837684
IRN,13.215316540238602,13.321807640580088,26.53712418081869,3.2743057890325513,437731235108.92535,-0.4695310228687171,-0.1123387046050715,-0.12745263568817694,-1.0245055307134494
IRQ,25.791050568443215,26.053434386312144,51.84448495475536,3.9412715568878833,180952183080.7568,0.03789026740902774,-0.09170646827525526,-0.08761112741816016,-0.057750877210128844
ISL,22.720046051158672,30.712771063016998,53.43281711417567,3.977819063278862,18652652016.092648,-0.08602242596651569,-0.08415578073360384,-0.08511060792778921,-0.004775936695513585
ISR,17.472328176129707,20.345053128216225,37.817381304345936,3.632228371752585,317085460470.26483,-0.29776384552808544,-0.10095718489850299,-0.1096940688629166,-0.5057033085976451
ITA,24.23233229097195,21.19825661454432,45.43058890551627,3.815581220343739,1870624092596.8958,-0.02500282795702386,-0.09957452608208382,-0.09770855696727221,-0.23993671584046516
JAM,7.36558346913343,30.57773672599132,37.94332019512475,3.633303418977571,15356494218.324905,-0.7055632970932978,-0.08437461061369658,-0.10949580261922169,-0.5041450473530945
JOR,17.711141217497325,47.65586400646327,65.36700522396059,4.17917308021858,39424521826.17397,-0.2881279211904578,-0.056698653317862516,-0.06632255418645987,0.28708301958045734
JPN,14.660113561360061,11.885383633309923,26.54549719466998,3.278245372089405,4492278265768.249,-0.4112345634332151,-0.1146665013728926,-0.12743945400939263,-1.0187951772940782
KAZ,17.864575139467956,17.227956459711596,35.09253159917955,3.554035343153938,188288280928.84866,-0.28193697929520944,-0.10600859556360355,-0.1139838137728143,-0.6190426700949161
KEN,7.7727902803399305,23.836135827737348,31.60892610807728,3.4506175293835155,73025000668.10657,-0.6891328123924547,-0.09529971121175683,-0.11946807182022653,-0.7689448952708592
KGZ,17.14323466363304,114.96948352588909,132.11271818952216,4.882200210970933,6981303682.314587,-0.31104251811757994,0.05238642542949344,0.03875556513463007,1.3061079575160208
KHM,50.508473748613305,70.58841611282912,121.09688986144243,4.796318251441051,26150361559.78628,1.0352194677796513,-0.019535308510964494,0.02141328992250005,1.1816236315895572
KIR,55.25062050594067,74.2184328153676,129.46905332130828,4.858896933384162,203174876.5444491,1.2265614777881921,-0.013652685340829465,0.034593629931233834,1.2723302838561972
KNA,7.514848545754706,37.47745541763752,44.99230396339223,3.8029993961686075,983051384.9560503,-0.6995405649328763,-0.07319327224285435,-0.09839855120658625,-0.258173839328799
KOR,32.632268240108154,25.099456677426787,57.73172491753494,4.05470942442856,1589930020449.3938,0.31392819014511536,-0.09325243674701379,-0.07834281525554938,0.1066752322153693
KWT,34.3660000859557,25.338536165268312,59.704536251224006,4.083262673971195,114968288926.43071,0.3838829497036851,-0.09286499650915014,-0.07523700822302375,0.14806264398126284
LAO,29.104920157833657,41.025544799458146,70.1304649572918,4.249386231920929,15456532082.777685,0.1716023814764357,-0.0674434163833449,-0.05882341502079625,0.38885569580587936
LBN,5.561922885210602,36.383401900425426,41.945324785636025,3.7361082269532417,50599417062.46,-0.7783396279750263,-0.07496624055047094,-0.10319542620250306,-0.3551313628388505
LBR,36.010026683976996,275.1970375367499,311.20706422072686,5.738009486498449,3219621822.3480473,0.45021817083256227,0.3120431705511391,0.32070471551241364,2.546587813458177
LBY,23.414606574876483,20.66391784476811,44.078524419644594,3.785347010332858,53430998547.35632,-0.05799743781628571,-0.10044044871698214,-0.09983711904360415,-0.28376064898924414
LCA,5.262233883976177,82.7145559148771,87.97678979885326,4.458948496973437,1870012942.1290963,-0.7904318509297553,0.00011570601851142408,-0.030727854005333084,0.6926123572454396
LKA,11.496814180787899,20.709354469230703,32.206168650018604,3.471583635581992,89882141401.3511,-0.5388712842500496,-0.10036681640018054,-0.11852782981370065,-0.7385549086926901
LSO,36.06090114496998,59.963869504626,96.024770649596,4.562196438298401,2390884818.156124,0.452270916587311,-0.036752916354445934,-0.018057876346025948,0.8422683554258401
LTU,52.1145629455537,60.175178537476334,112.28974148303003,4.720034233220253,42936637147.95401,1.100023943668284,-0.036410479524379855,0.007548150918548493,1.0710513456384658
LUX,23.79433598875335,34.189304731693895,57.98364072044725,4.059528285200278,62342117783.73258,-0.04267564517072991,-0.07852188447720049,-0.07794622291094523,0.11366008256327137
LVA,40.21588907810406,70.6278595596787,110.84374863778275,4.707536522523458,27098815299.809128,0.6199215152236082,-0.01947138843748796,0.005271716942800383,1.0529361430949886
MAC,2.7164107579227483,24.49653772865244,27.212948486575186,3.2971377212682156,46205835177.228874,-0.8931538751506649,-0.09422949698348411,-0.12638868200658224,-0.9914110634992211
MAR,21.069454189739602,32.898525294840034,53.967979484579644,3.9872775636260247,111084084855.9104,-0.1526225504733459,-0.08061365695236855,-0.08426809905471026,0.00893398616182529
MDA,27.028359907110367,52.84329200392411,79.87165191103448,4.37783157915566,8152763611.775548,0.08781475688145846,-0.048292167444138966,-0.04348781428217577,0.5750348719265946
MDG,20.705599617478413,25.167231038182525,45.87283065566094,3.8222319168032044,11778835030.517586,-0.16730380535009115,-0.09314260501410634,-0.09701233350473393,-0.23029665324489773
MDV,6.059971299838691,36.441030972053184,42.50100227189188,3.747292510591434,4408604951.011998,-0.7582437537616744,-0.07487284976474982,-0.10232062027699049,-0.3389199487387065
MEX,31.866063350324435,30.31417402797682,62.18023737830125,4.129762105910924,1235335544149.627,0.28301240638893826,-0.08480172711512732,-0.07133949920145403,0.2154627181373097
MHL,274.38952194966015,8840.42002513918,9114.809547088838,9.116662034337667,189000000.0000001,10.068649253438666,14.192414345980756,14.180261397865339,7.443882743147725
MKD,50.563442743263245,62.88307702525458,113.44651976851783,4.730759490945329,10292950823.832537,1.0374374248490348,-0.032022194926284664,0.009369272924889932,1.0865974100925393
MLI,13.309876785192527,21.687796806420476,34.997673591613,3.5477926683899157,16503029286.80786,-0.46571558900251997,-0.0987812017777,-0.1141331492221604,-0.6280913127229069
MLT,38.44559176804723,136.08991616513583,174.53550793318308,5.1543355301003935,12159461384.189346,0.5484913670326874,0.08661314023221738,0.10554198128869727,1.7005631137333965
MMR,19.5583481731959,35.13408181328308,54.69242998647898,4.000042670904016,63227595174.12266,-0.21359452737277607,-0.07699082608100012,-0.0831275929023514,0.027436775147757744
MNE,9.305130144707066,54.45240387736237,63.75753402206944,4.153737841364421,4147335368.5554543,-0.6273040659051847,-0.04568452137369311,-0.06885635298015073,0.2502151071472665
MNG,41.339895124754335,31.898136374253927,73.23803149900827,4.2890861353544,11956885847.109962,0.6652743031556771,-0.08223483710817084,-0.05393115702608143,0.44639997804296294
MNP,0.25429010482118436,13.070540892124384,13.32483099694557,2.5645354453536626,1178036363.6363642,-0.9924985683363113,-0.11274589490679006,-0.14825281682335442,-2.0533046321675603
MOZ,24.50082469509969,49.17439186576515,73.67521656086484,4.295156952606679,16865779502.948248,-0.014169363936019719,-0.05423780316161448,-0.053242894333931215,0.4551995163582223
MRT,30.930456334089993,45.39603469524841,76.32649102933841,4.334324058346335,6349226901.692029,0.2452613758482288,-0.0603608194609016,-0.049068979297695575,0.5119715181055178
MSR,,,,,,,,,
MUS,17.815219573570534,34.0805061079232,51.89572568149373,3.9480925218139906,12641200893.908941,-0.28392843878965246,-0.07869819807504833,-0.087530458878428,-0.04786401359357294
MWI,8.784519188485866,15.949467062468988,24.733986250954853,3.2077439039050986,9499131768.795609,-0.6483103214880412,-0.10808045141642426,-0.1302913250081094,-1.120985762974599
MYS,72.88701077099695,53.59669651835956,126.48370728935652,4.839245367712209,316393837672.4349,1.9381763929944058,-0.04707123784070134,0.02989378431385276,1.2438456996726999
NAM,32.75408861171521,55.9544600442263,88.70854865594151,4.4842566131138994,11298888328.451422,0.3188435493602778,-0.043250364416823214,-0.02957584227179962,0.729296007635577
NCL,14.276456284878371,26.711912210410834,40.98836849528921,3.713288331218353,8738203074.3957,-0.42671484234338997,-0.09063937210945686,-0.10470196741383171,-0.38820838336586105
NER,7.884212470763759,12.208720289044464,20.092932759808225,2.992147475622199,10225341385.469904,-0.6846370118687135,-0.11414251819081858,-0.13759775939693505,-1.4334888333966438
NFK,,,,,,,,,
NGA,8.219761294148519,7.2352760863616155,15.455037380510134,2.7297552897488457,489015283919.117,-0.6710978724012909,-0.12220223264932684,-0.14489922195402943,-1.8138214965731363
NIC,35.77090892304832,47.56797439554733,83.33888331859565,4.42270733712042,13350683383.28795,0.44056995129272225,-0.05684108281721625,-0.03802933403872515,0.6400814604215698
NIU,,,,,,,,,
NLD,52.71241628275479,54.894633270399346,107.60704955315413,4.6779106784807345,795648095118.5581,1.1241468704953823,-0.044967866579191794,0.0001761649214061079,1.0099940252643198
NOR,22.563222777633428,18.518621922682385,41.08184470031581,3.714848796141215,394398387916.1072,-0.09235012561564064,-0.10391700778879921,-0.10455480734333346,-0.38594651806705194
NPL,2.860641661508664,27.064955526330767,29.92559718783943,3.390599907524034,25163277638.433674,-0.8873342680381616,-0.09006724780246962,-0.12211814519990051,-0.8559393378963488
NRU,26.19680018533626,74.21745907765951,100.41425926299576,4.584454790346404,85331007.74593087,0.054261955429131654,-0.013654263331365778,-0.011147481838511,0.874531428673086
NZL,17.89375747176222,17.191344560949847,35.085102032712065,3.5572977407765367,184797454338.85107,-0.28075949441258874,-0.10606792697213616,-0.11399551017752836,-0.6143138845481448
OMN,33.19522963778834,34.07848814305094,67.27371778083928,4.206002464740952,81442647960.77733,0.336643253786472,-0.07870146828780127,-0.0633208067983378,0.3259717206018558
PAK,6.757940491067956,14.983835680198148,21.741776171266107,3.0786022187598774,317833117674.4035,-0.7300812284734205,-0.10964530524731257,-0.13500197673115757,-1.3081742681311086
PAN,12.755947286802106,62.54767437284587,75.30362165964796,4.318249996969403,58584193655.33044,-0.4880662223862875,-0.03256573165794886,-0.0506792878089505,0.48867246081384247
PCN,,,,,,,,,
PER,18.594229153396835,17.798023275471767,36.3922524288686,3.593170585187872,196461929298.76892,-0.2524959955423918,-0.10508477384769498,-0.11193765658371306,-0.5623168542049303
PHL,20.454280250739075,31.491397506884223,51.945677757623294,3.949679503787858,328638098825.62665,-0.17744435039156947,-0.0828939777351851,-0.08745181906797925,-0.045563712315449804
PLW,6.428333313209968,40.66232268392914,47.090655997139116,3.8499494284079496,286698265.49293894,-0.7433806270690334,-0.06803203594292494,-0.09509510480406641,-0.19012062829899387
PNG,33.99368220914439,19.738985210346325,53.73266741949072,3.981191904319301,22788449665.941784,0.36886020693405003,-0.10193934819649655,-0.08463855204943464,0.00011293456073785018
POL,38.56599199525197,38.31021261122998,76.87620460648195,4.341824209213896,498249759030.8171,0.5533494245028076,-0.07184374766389089,-0.04820356238498217,0.5228428492931835
PRK,,,,,,,,,
PRT,26.007159775702732,32.434487325177166,58.44164710087989,4.067413636233664,203941130118.09995,0.046610109331780336,-0.08136565363333487,-0.0772251811098373,0.12508975432970437
PRY,20.732070591549945,25.021362606740187,45.75343319829013,3.8223566472411776,37847170350.841606,-0.16623572170676973,-0.09337899208472063,-0.09720030153615968,-0.2301158587616488
PSE,6.4152553845904094,24.659731075609557,31.074986460199966,3.435916154373661,14870100000.0,-0.7439083115285976,-0.0939650340229279,-0.120308655754941,-0.7902542688379249
PYF,3.7309506238743264,25.08476062902729,28.81571125290162,3.360535168565468,5485548167.936086,-0.8522179642396376,-0.0932762524266397,-0.12386544433751506,-0.8995176258615878
QAT,38.346552609479865,18.00979618223556,56.356348791715426,4.025900795698913,164211630179.07162,0.5444952124133575,-0.10474158528680919,-0.08050807696658706,0.06491765299958498
ROU,34.05726455393318,38.322359724000734,72.37962427793391,4.281683058762224,186275218921.2037,0.371425706121553,-0.07182406266161927,-0.055282551930630225,0.435669354237874
RUS,22.852748594890432,14.004878039568991,36.85762663445942,3.60311048136433,1351544837927.1562,-0.08066797939405411,-0.11123175494472544,-0.11120501557755194,-0.5479091569181108
RWA,5.993722254725505,15.363354521900009,21.357076776625515,3.060468420496001,9002093218.85618,-0.7609168522762906,-0.10903027602991618,-0.13560761096737664,-1.3344588762807366
SAU,21.81885933418086,19.53354455018163,41.35240388436249,3.7198578056556126,704070666545.898,-0.12238462364694247,-0.102272275035849,-0.10412886462789131,-0.378686050602496
SDN,6.974573769778327,15.832713991842539,22.807287761620866,3.125039013629287,53049089419.135956,-0.7213402406667621,-0.10826965559225389,-0.13332453635252126,-1.2408649852602096
SEN,14.469070355390677,44.0925378066104,58.56160816200108,4.069573090233985,18994734741.117943,-0.41894301129433936,-0.06247320120116704,-0.07703632579412766,0.12821984331545458
SGP,80.2389167947572,86.42489101813395,166.66380781289112,5.11496959773307,320462046684.72974,2.2348202017939895,0.00612848916414289,0.09314952329028389,1.6435029164342418
SGS,,,,,,,,,
SHN,,,,,,,,,
SLB,43.26416333857054,29.10453153816415,72.3686948767347,4.278575383493197,1370497433.5262692,0.7429170600480531,-0.08676201311964506,-0.05529975814316874,0.4311648359061923
SLE,8.531628490725438,15.79901487327138,24.330643363996817,3.188388256485243,7156943297.546752,-0.6585142685394847,-0.10832426669516733,-0.13092630979020256,-1.1490414190765381
SLV,23.25284972989316,35.79184441806,59.04469414795317,4.0779736650200205,24015040426.195232,-0.06452420331630424,-0.07592488896379533,-0.07627580104101861,0.14039632246612688
SMR,8.15857034995066,19.73390489976101,27.89247524971167,3.3279408739119325,1442836006.6685417,-0.6735668803962559,-0.10194758109325974,-0.12531889952728545,-0.9467624584341623
SOM,7.134413823425266,38.80707227988416,45.94148610330942,3.8270884079891836,6764127677.149635,-0.714890816237326,-0.07103856178221525,-0.09690424888027614,-0.2232572583013755
SPM,,,,,,,,,
SRB,34.395405394245785,42.755809857046955,77.15121525129274,4.342846684808595,42451551461.33976,0.3850694314979173,-0.06463943553357936,-0.0477706117119568,0.5243249089233918
SSD,15.732485667354407,6.634400886526557,22.366886553880963,3.107581586284196,11997800760.224134,-0.36796516568186977,-0.12317598088867718,-0.13401786223968234,-1.2661692061624787
STP,5.335690189084961,50.401854985693966,55.737545174778916,4.01965600012348,272721902.926353,-0.7874679449634125,-0.05224863793691179,-0.08148226268440725,0.055865936294334104
SUR,32.69377461460267,27.132454886096045,59.82622950069871,4.076571022551691,4983827318.650992,0.31640992551231667,-0.08995786172238718,-0.07504542591427725,0.13836321792191686
SVK,76.33547248613705,70.44913520604338,146.78460769218043,4.98865307045408,91207766370.64134,2.0773191968295794,-0.01976102016921727,0.061853596263934704,1.460409425813251
SVN,62.13579425881321,64.16559473110632,126.30138898991954,4.83801016605944,44332462908.41587,1.504372994923771,-0.029943810998388148,0.029606759677041388,1.2420552975210726
SWE,25.863991508126713,26.189495331184983,52.053486839311695,3.951720439302104,511944232788.5363,0.04083337877296582,-0.09148597472592815,-0.08728209467601124,-0.04260541370255069
SWZ,45.36860964826975,37.92906980752818,83.29767945579793,4.421602668807812,4032279455.1105933,0.8278298658845059,-0.07246140859272862,-0.03809420149191697,0.6384802639535321
SXM,7.070295053692071,61.306773253958774,68.37706830765086,4.2244398387459485,1391078235.7748344,-0.717477959762791,-0.03457667383039313,-0.061583796387360334,0.35269635622300144
SYC,70.91640647289661,97.07497055058468,167.9913770234813,4.974398364549173,1585345303.567814,1.8586640103910261,0.023387474385220212,0.09523952232871467,1.4397474909253432
SYR,4.916627691223963,37.153836728758996,42.070464419982954,3.7364059704285526,15726505662.71752,-0.8043767975913971,-0.07371771247370901,-0.10299841823232095,-0.35469978912970407
TCA,3.0915284207691265,26.992853845447744,30.084382266216867,3.3860163879023077,1417926264.8872519,-0.87801816314685,-0.09018409217353589,-0.12186816903407903,-0.8625830655616775
TCD,10.287353264867013,5.110878425092904,15.398231689959916,2.7163753379271465,14084189960.95545,-0.5876721110742071,-0.1256449250468634,-0.14498865144492173,-1.8332154914536707
TGO,35.25217963276767,140.9529253434032,176.20510497617087,5.165869002201935,5492805707.100608,0.41963961949747813,0.0944938892239919,0.10817043650336745,1.7172806701097454
THA,53.9991734626407,40.94028897095608,94.93946243359677,4.552927792283022,416266602953.9035,1.1760665427011945,-0.06758157770689599,-0.019766482654265803,0.8288336229419584
TJK,10.387040224941437,41.311810185406756,51.69885041034819,3.9441786320127683,8861181805.155882,-0.5836498181574372,-0.06697950904346646,-0.08784040063069419,-0.05353712510992227
TKL,,,,,,,,,
TKM,19.14858436023589,15.045020667496123,34.19360502773201,3.5183863196875116,38103187232.900536,-0.23012818514694422,-0.10954615192284117,-0.11539899849912325,-0.6707152760816333
TLS,8.52711586724615,37.20920300886339,45.73631887610953,3.811567701607967,1604815768.179076,-0.6586963494600309,-0.07362798865454351,-0.09722724470161992,-0.245754237671019
TON,2.561626794928033,40.349726701097744,42.91135349602578,3.758213577907409,461751355.3871917,-0.8993992901730351,-0.06853861332870093,-0.10167460223362423,-0.32309006187226075
TTO,37.833953318499596,26.526292455053238,64.36024577355283,4.161301727186751,25089466737.093,0.5238122214212365,-0.09094017818369277,-0.06790750076890427,0.26117882098346284
TUN,27.750722498983638,41.21436631478156,68.96508881376519,4.233387798663842,46468055054.31378,0.11696153730752643,-0.0671374216973467,-0.060658072679283234,0.36566626008748465
TUR,16.456038838073813,20.21689120919275,36.67293004726656,3.601639420274361,907963638318.889,-0.3387703463061128,-0.10116487768235416,-0.11149578436501345,-0.5500414330001178
TUV,64.45823276276855,190.24618992988272,254.7044226926513,5.535962615444898,38518505.02621606,1.5980816197741947,0.17437608375638658,0.2317523162548422,2.2537245778457997
TWN,,,,,,,,,
TZA,8.79066369496781,20.5969055345133,29.387569229481112,3.3699283791980528,52270551087.09149,-0.6480623953311907,-0.1005490455090337,-0.12296516538283911,-0.8859023392486203
UGA,6.5914747550670505,10.713861620926124,17.305336375993175,2.849415208846208,33773691870.31932,-0.7367979941396766,-0.11656501124188379,-0.14198628672585414,-1.6403766374806112
UKR,40.515938794159915,39.278752785932994,79.7946915800929,4.376591289164319,98338286005.86824,0.6320282927466588,-0.07027417998974485,-0.04360897332712959,0.5732370943214884
URY,13.498359878026776,18.736949181306027,32.2353090593328,3.4718510200350985,58670388091.82395,-0.45811043975659965,-0.10356319757372406,-0.11848195391739307,-0.7381673398296785
UZB,7.37243977672757,12.042820172579665,19.415259949307238,2.9622206064015977,90942894962.77547,-0.7052866503036824,-0.11441136760640432,-0.1386646231890594,-1.4768672817041695
VAT,,,,,,,,,
VCT,29.41814008299436,42.44632221970622,71.86446230270057,4.274409385128877,812542577.7311964,0.18424056690635074,-0.06514097569041055,-0.05609357407869219,0.42512629764935683
VEN,26.552898279440225,16.876380362761843,43.429278642202064,3.768258636517954,105761397520.59857,0.06863024231961667,-0.10657834216904918,-0.10085923001133057,-0.3085299335650999
VGB,,,,,,,,,
VNM,75.55923241032997,77.64326217717917,153.20249458750914,5.0300237510846655,255834550183.01773,2.045998500960222,-0.0081025784932597,0.0719573086225781,1.5203754689683973
VUT,63.4806967005673,48.39306297846008,111.87375967902739,4.664530536036313,788834284.4788936,1.558638784162157,-0.05550398560445075,0.006893268624326169,0.9905997540796444
WSM,6.8935955959519175,40.25282374475491,47.146419340706835,3.8531428449341507,872188263.7396663,-0.7246076483071572,-0.06869564940400005,-0.09500731628539143,-0.18549182958687024
YEM,3.919907653397843,17.391475303856804,21.31138295725465,3.049253688535057,39141381171.07844,-0.8445936920092585,-0.10574360511861478,-0.13567954698230192,-1.3507144246665217
ZAF,25.857645670118455,21.77227522204471,47.62992089216316,3.8620004775424728,349592967512.7531,0.04057732904236385,-0.09864430029050301,-0.09424613730537104,-0.17265285350170556
ZMB,25.561554419627537,24.83187460686715,50.39342902649469,3.918695931323246,22042361566.83402,0.028630272590065307,-0.09368606684218281,-0.08989553223154527,-0.09047383260338902
ZWE,10.682968922099718,18.450954748259374,29.133923670359092,3.3699535851250992,20391475320.670864,-0.5717093206083089,-0.10402666582090689,-0.12336448089154362,-0.8858658037194486
