dv,quantile,coef_z_eci_pe,se,pvalue,n_obs,n_countries
DV1_GVC_Linkage_Change,0.25,0.21860557983421103,0.1101276483191096,0.047555163760986216,679,76
DV1_GVC_Linkage_Change,0.5,0.30228571285618955,0.09146737692655225,0.0010016126600317368,679,76
DV1_GVC_Linkage_Change,0.75,0.16931142387432807,0.09598694651276161,0.07821062556606079,679,76
DV2_Export_Recovery,0.25,-0.051035731175649524,0.015229092272814274,0.0008221490908622329,1729,180
DV2_Export_Recovery,0.5,-0.08166369375301641,0.01336424580791075,1.2263958382505836e-09,1729,180
DV2_Export_Recovery,0.75,-0.07244117208985934,0.017309015064382666,2.9942639779321537e-05,1729,180
DV3_Partner_Diversification,0.25,-0.0056302823287017745,0.010417755310562271,0.5889566882236115,1729,180
DV3_Partner_Diversification,0.5,-0.0024460754300879017,0.005792348474960738,0.6728633469026372,1729,180
DV3_Partner_Diversification,0.75,-0.007458444424321087,0.003794636475225256,0.04951538051531416,1729,180
