country_iso3_code,eci_pre_raw,coi_pre_raw,baseline_log_gdp_pc,baseline_trade_open,baseline_wgi,baseline_rents,baseline_export_value,nexus_exposure_pre,z_eci_pre_raw,z_coi_pre_raw,z_baseline_log_gdp_pc,z_baseline_trade_open,z_baseline_wgi,z_baseline_rents,z_nexus_exposure_pre,exposed_top_tercile_pre,exposed_top_quartile_pre,exposure_tercile_threshold,exposure_quartile_threshold,us_export_market_dependence_pre,china_export_market_dependence_pre,china_import_dependence_pre,wb_income_id,wb_income_name,wb_region
ABW,0.8849999999999999,0.07100000000000001,10.234967730966828,138.6989615165197,1.1789619777777778,0.0028528641389486335,300604043.3333333,0.4475506686847455,0.9002486319663799,0.3022453255286476,1.0420957229105636,0.8852977023291011,1.3252997428131654,-0.6520764069067637,1.32423737721177,1,1,0.26917599908681505,0.317817685580497,0.09199032602445012,0.0005054242967162711,0.01557475757050082,HIC,High income,Latin America & Caribbean
AFG,-1.4253333333333333,-0.976,6.335177243409859,,-1.6036923222222172,0.5967695277875674,900148066.6666666,0.112989740455886,-1.4277008606724713,-0.8899463115449194,-1.7003429335172104,,-1.7449747223188266,-0.5737170864532848,-0.6608772802777427,0,0,0.26917599908681505,0.317817685580497,0.021970128661692664,0.007612739778248709,0.04478966690330599,LIC,Low income,"Middle East, North Africa, Afghanistan & Pakistan"
AGO,-0.6973333333333334,-1.2636666666666667,8.152636118267052,49.21976312416896,-1.093438694444443,20.047041688403834,29834914306.666668,0.4702183907848021,-0.6941499023802695,-1.2175048543002485,-0.42225645918497,-0.7105548417674729,-1.181980359667646,1.9924848782769438,1.4587361294448458,1,1,0.26917599908681505,0.317817685580497,0.07708148122938464,0.48756844988648834,0.177898443551778,LMC,Lower middle income,Sub-Saharan Africa
AIA,0.852,-0.2856666666666667,,,,,30083587.33333333,0.5144204805249987,0.8669970088569807,-0.10388172052952396,,,,,1.7210088840652162,1,1,0.26917599908681505,0.317817685580497,0.24826737140557856,0.0,0.0,,,
ALB,-0.42133333333333334,-0.25333333333333335,8.394492713674516,74.02709330172728,-0.04052983888888883,1.379795096702037,2136102937.3333333,0.10813723774581659,-0.4160454181925666,-0.06706459579340936,-0.25217632829748926,-0.2681185919196594,-0.02024094657433697,-0.4704073879159534,-0.6896695672499888,0,0,0.26917599908681505,0.317817685580497,0.04272962506251631,0.05507784398581162,0.10250623089478368,UMC,Upper middle income,Europe & Central Asia
AND,1.1079999999999999,0.8106666666666666,10.580573821265189,,1.4065832,0.0,89246982.33333333,0.0075082148144855,1.1249489941905022,1.1444844986156406,1.2851353182311949,,1.5764483049292086,-0.6524528039822401,-1.2867510897318546,0,0,0.26917599908681505,0.317817685580497,0.07295407069538265,0.000757609723450744,0.0009184934168692238,HIC,High income,Europe & Central Asia
ANS,,,,,,,0.0,0.0,,,,,,,-1.3313010237564857,0,0,0.26917599908681505,0.317817685580497,,,0.0,,,
ARE,0.6023333333333333,0.20099999999999998,10.702108371879172,165.052581460766,0.6700927722222222,13.393390324526434,155524867089.33334,0.1716374011784639,0.6154266481606165,0.4502729404470465,1.3706017171977105,1.35531187534135,0.7638328987609855,1.114625017930848,-0.3128918429339606,0,0,0.26917599908681505,0.317817685580497,0.022916014909349053,0.05437733805257692,0.1390187718562734,HIC,High income,"Middle East, North Africa, Afghanistan & Pakistan"
ARG,0.24033333333333332,0.15766666666666665,9.509515885305017,24.623238358512335,-0.02950993888888867,1.0223408745494844,55873179628.333336,0.22967574386156,0.2506664188999338,0.4009304021409136,0.5319382692556226,-1.149231398201209,-0.008082009843206341,-0.5175686676972402,0.031478210576295414,0,0,0.26917599908681505,0.317817685580497,0.06756796139832381,0.07583372395081024,0.1571685471155271,UMC,Upper middle income,Latin America & Caribbean
ARM,-0.07866666666666666,-0.5996666666666667,8.193666760945547,78.3208061139831,-0.23577803888888868,0.409221689363609,1592818319.3333333,0.1037333032830861,-0.07076593782425905,-0.461425344255503,-0.3934025961534538,-0.191540653827131,-0.2356703525278486,-0.5984615027509136,-0.7158002780262611,0,0,0.26917599908681505,0.317817685580497,0.031458089933145444,0.13294420841613827,0.048946041069710046,UMC,Upper middle income,Europe & Central Asia
ASM,0.6133333333333333,-0.21733333333333335,9.428336598384506,161.003488493204,0.9773983666666667,0.0,33166329.0,0.0,0.6265105225304163,-0.02607233320062195,0.4748507884634128,1.283096707686029,1.1029021534704142,-0.6524528039822401,-1.3313010237564857,0,0,0.26917599908681505,0.317817685580497,0.0,0.0,0.0,HIC,High income,East Asia & Pacific
ATA,1.1843333333333332,-0.313,,,,,7706049.333333333,0.0,1.2018643648172946,-0.13500547546108477,,,,,-1.3313010237564857,0,0,0.26917599908681505,0.317817685580497,0.0,0.0,0.0,,,
ATF,0.37399999999999994,-0.7146666666666667,,,,,7622367.0,0.140026886326793,0.385352286242046,-0.5923728497602406,,,,,-0.5004525861894216,0,0,0.26917599908681505,0.317817685580497,0.007778102930535744,0.0,0.0,,,
ATG,0.293,-0.5219999999999999,9.715018405533511,129.92059711298333,0.5091916222222223,0.0,261637801.66666663,0.38489995213551725,0.30373466588261144,-0.37298833329143377,0.6764532264734929,0.728736452138153,0.5863007158177528,-0.6524528039822401,0.9524998393513472,1,1,0.26917599908681505,0.317817685580497,0.044875920728893716,8.085364252574045e-05,0.07301874809803043,HIC,High income,Latin America & Caribbean
AUS,0.21566666666666667,-0.015999999999999997,10.96006447760224,41.44785547883217,1.5634773333333332,4.128896793514507,180519922309.0,0.36654466641764766,0.22581167031311014,0.20318069092941135,1.5520034612795268,-0.8491660364488348,1.7495592987390929,-0.10770037192426354,0.8435888947474826,1,1,0.26917599908681505,0.317817685580497,0.04617213501734599,0.3469550827026202,0.21085375010010168,HIC,High income,East Asia & Pacific
AUT,1.4406666666666668,0.4036666666666666,10.701948555564124,103.41571436628999,1.465374161111111,0.12257017378986967,139275915006.66666,0.08637945461232592,1.4601522251317194,0.6810441965249608,1.3704893300216012,0.25602452218966276,1.6413160057715348,-0.6362813171156562,-0.8187692037240507,0,0,0.26917599908681505,0.317817685580497,0.06602464969972122,0.030224017162826865,0.0459912364782414,HIC,High income,Europe & Central Asia
AZE,-0.898,-1.2590000000000001,8.581639956740956,84.36038077473607,-0.6119688777777763,16.301350753940536,13955439648.333334,0.060275544627893606,-0.8963466408838893,-1.212191042482665,-0.1205693008259165,-0.0838254444735369,-0.6507449547366594,1.4982913083404208,-0.9736565499608352,0,0,0.26917599908681505,0.317817685580497,0.01677620374949471,0.02327670149780459,0.0444488939695993,UMC,Upper middle income,Europe & Central Asia
BDI,-1.1833333333333333,-0.8463333333333334,5.553138429146849,,-1.3271933055555527,17.714592702668636,171636341.66666666,0.1005692265587808,-1.1838556245368768,-0.7422982546134907,-2.2502938813706597,,-1.4398962688056587,1.684749586945316,-0.7345743025846316,0,0,0.26917599908681505,0.317817685580497,0.039068396516856015,0.02076761132819428,0.10095337633712514,LIC,Low income,Sub-Saharan Africa
BEL,1.178,1.118,10.626863013294754,160.34348563188735,1.2533373,0.03426000365218327,286614220148.0,0.0903829733039886,1.1954827401801371,1.4944369626022147,1.3176871360792901,1.2713256227381642,1.4073626324271766,-0.6479326570167948,-0.7950143568014705,0,0,0.26917599908681505,0.317817685580497,0.056995179414993324,0.02157522177401185,0.028934521150025577,HIC,High income,Europe & Central Asia
BEN,-1.012,-0.7360000000000001,6.921359276639474,59.0732794938742,-0.23869568888888873,4.284126286231364,981116564.0,0.3868031863114347,-1.011215884352723,-0.6166645609263369,-1.288123796934981,-0.5348183639110105,-0.23888957609190847,-0.08721992692562382,0.9637926644856205,1,1,0.26917599908681505,0.317817685580497,0.009526623549095425,0.06046471734226879,0.3789154490032442,LMC,Lower middle income,Sub-Saharan Africa
BES,0.5576666666666666,-0.7503333333333334,,,,,25129656.0,0.0024471579998479,0.5704194007196115,-0.6329855543660579,,,,,-1.3167808308564717,0,0,0.26917599908681505,0.317817685580497,0.0,0.0,0.002662659863740032,,,
BFA,-1.4436666666666664,-1.2033333333333334,6.4755513955689805,58.75037810387453,-0.43912221666666623,12.186092142642869,2109885942.3333333,0.0511027976891728,-1.4461739846221373,-1.1488048586586326,-1.601628014735609,-0.5405772778706973,-0.4600325511180119,0.9553382511041016,-1.0280829723583744,0,0,0.26917599908681505,0.317817685580497,0.0017672766415561057,0.012687609759921089,0.0612942164289906,LIC,Low income,Sub-Saharan Africa
BGD,-0.8476666666666667,-1.0913333333333333,7.168495594732124,34.473292371362234,-0.9259559444444442,0.7754582156102341,32942725019.33333,0.2735443648874374,-0.8456295187675328,-1.0212733750366272,-1.1143308215669385,-0.9735566711325883,-0.9971862906828344,-0.5501415159944772,0.2917723311818881,1,0,0.26917599908681505,0.317817685580497,0.1731501196337419,0.022660303550119776,0.30499031763730594,LMC,Lower middle income,South Asia
BGR,0.6733333333333333,1.6456666666666664,8.933302329877057,126.39219520582235,0.05281813888888897,0.6447707094760257,26183978526.33333,0.0450697029393897,0.6869680190929605,2.095277255976126,0.12672923717932108,0.6658077574101566,0.08275564647813825,-0.5673839757522574,-1.063880292987593,0,0,0.26917599908681505,0.317817685580497,0.019715116302280063,0.02341828800805564,0.036418480152340664,HIC,High income,Europe & Central Asia
BHR,0.6273333333333334,-0.4573333333333333,10.072611596277126,139.0560992953573,-0.19446722777777714,11.147872727930933,9459455285.0,0.1326843463902821,0.6406172717283434,-0.2993540838192046,0.9279224766036418,0.8916672188557461,-0.19008958150345762,0.8183591548809863,-0.5440194896181424,0,0,0.26917599908681505,0.317817685580497,0.0881423917936326,0.010117923293350725,0.07636352612520964,HIC,High income,"Middle East, North Africa, Afghanistan & Pakistan"
BHS,0.6003333333333334,-0.3473333333333333,10.329196433137817,68.40839362795583,0.6276875166666667,0.01629636048540613,1621197936.6666667,0.3367431975320754,0.6134113982751985,-0.17409994811902088,1.1083599071541193,-0.3683275380211399,0.7170445595412631,-0.6503027182687724,0.6667621116181667,1,1,0.26917599908681505,0.317817685580497,0.2461114742927438,0.01879185756738686,0.07704450699114937,HIC,High income,Latin America & Caribbean
BIH,0.4083333333333334,0.588,8.492135066677235,91.0606356488493,-0.3392959611111109,1.1157353453347199,5187809012.0,0.0176326778355894,0.4199474092750574,0.8909397633195111,-0.18351157201542206,0.03567293033379865,-0.34988807381734155,-0.5052465226678609,-1.2266776673845339,0,0,0.26917599908681505,0.317817685580497,0.012795743539611736,0.007904153144175986,0.011654237222650033,UMC,Upper middle income,Europe & Central Asia
BLM,0.6896666666666667,-0.38133333333333336,,,,,15291210.666666666,0.0,0.7034258931572086,-0.2128148627899868,,,,,-1.3313010237564857,0,0,0.26917599908681505,0.317817685580497,0.0,0.0,0.0,,,
BLR,0.8736666666666667,0.5786666666666667,8.685066200593363,124.83063460820667,-0.528180633333332,1.3252052883276166,20995151069.666668,0.0394857241820794,0.8888288826156773,0.8803121396843441,-0.04783715530810577,0.6379574805051393,-0.5582962062895327,-0.4776097793451254,-1.0970127873793591,0,0,0.26917599908681505,0.317817685580497,0.0075069751745996,0.025657299891335538,0.04002232928119175,UMC,Upper middle income,Europe & Central Asia
BLZ,-0.34366666666666673,-0.5933333333333334,8.695507187583866,99.42601727013634,-0.23641810555555534,0.7603744624451303,412323915.6666667,0.3456807806300158,-0.33778654764216226,-0.45421374250306823,-0.04049476949907948,0.184868673953814,-0.23637657763912054,-0.5521316144716683,0.7197931912011218,1,1,0.26917599908681505,0.317817685580497,0.2806745127711985,0.0026470731497207473,0.08612701132268025,UMC,Upper middle income,Latin America & Caribbean
BMU,0.632,-0.5806666666666667,11.567247740542122,72.81261211691567,1.0263636333333332,0.0,287147218.0,0.2914330399941181,0.6453195214609857,-0.43979053899819853,1.9789912333496686,-0.289778742249132,1.1569285583763507,-0.6524528039822401,0.397914645364637,1,0,0.26917599908681505,0.317817685580497,0.16496979152740782,8.376207074780016e-05,0.0764622482160544,HIC,High income,North America
BOL,-1.3310000000000002,-1.1393333333333333,8.031770903821874,56.63666401941763,-0.6052646611111109,4.035132533116797,7538245979.666667,0.1775280985556328,-1.332648241076916,-1.0759297251603437,-0.5072521627668659,-0.5782751569283808,-0.6433477781486889,-0.12007130572236706,-0.2779394360042015,0,0,0.26917599908681505,0.317817685580497,0.11408650162637463,0.04980118284040716,0.09285044701131646,LMC,Lower middle income,Latin America & Caribbean
BRA,0.6353333333333334,0.5656666666666667,9.072533396782179,25.269014129493637,-0.15123774444444413,2.5074067836196066,188063210620.0,0.3483768623059676,0.648678271270016,0.8655093781925041,0.2246403073443976,-1.1377140519849678,-0.14239182083689492,-0.32163418296924434,0.7357903707912614,1,1,0.26917599908681505,0.317817685580497,0.12270031660505275,0.20992070110552744,0.16329653630409965,UMC,Upper middle income,Latin America & Caribbean
BRB,0.444,0.226,9.934598234830766,,0.93942175,0.11938309134954243,331271698.6666667,0.4117735856399054,0.45588603223168084,0.4787397894698156,0.8308677300110514,,1.0610002052392693,-0.6367018098035008,1.1119543340886093,1,1,0.26917599908681505,0.317817685580497,0.17624860896009006,0.054011245372771695,0.06013211370700916,HIC,High income,Latin America & Caribbean
BRN,0.47700000000000004,-0.8443333333333333,10.304815208443477,87.464283337721,0.6408959833333334,17.2408867084829,5159339195.0,0.1550617847976029,0.4891376553410801,-0.7400209066916692,1.0912143673344417,-0.028467653045324684,0.7316182771353653,1.6222504484784843,-0.41124313341119706,0,0,0.26917599908681505,0.317817685580497,0.003517754559721512,0.04062763661910939,0.22603494130443813,HIC,High income,East Asia & Pacific
BTN,-0.2916666666666667,-0.9216666666666667,8.042689193088174,80.93743833146972,0.5360627666666667,3.9429102525494737,230171296.33333334,0.0279954832940448,-0.28539005062129064,-0.8280783596687683,-0.4995741250257361,-0.14487328022225007,0.6159493101963831,-0.132238796008851,-1.165190042044673,0,0,0.26917599908681505,0.317817685580497,0.01286226061915259,0.000962785741607618,0.01252151001837594,LMC,Lower middle income,South Asia
BVT,1.0626666666666666,-0.806,,,,,1204252.3333333333,0.0,1.0792699967876913,-0.69637173819009,,,,,-1.3313010237564857,0,0,0.26917599908681505,0.317817685580497,0.0,0.0,0.0,,,
BWA,-0.021666666666666667,-1.236,8.768394677377772,98.42984405279346,0.5991638777777778,0.815726554046199,5552003376.0,0.0617035200856271,-0.013331316089842145,-1.1860015413817173,0.010761694205465612,0.1671020243657527,0.6855726659132255,-0.5448286500172065,-0.9651836687230627,0,0,0.26917599908681505,0.317817685580497,0.06709360869173489,0.01264446677490449,0.035656174660749856,UMC,Upper middle income,Sub-Saharan Africa
CAF,-0.535,-0.7313333333333333,5.931577798825671,53.60644583686133,-1.4827673611111072,13.056158887533266,109055939.33333331,0.1410194892317575,-0.5305787866804974,-0.6113507491087532,-1.9841650316714738,-0.632318794809401,-1.6115507392187622,1.0701318628205059,-0.4945629845968417,0,0,0.26917599908681505,0.317817685580497,0.01832093725299151,0.21931969988428765,0.04848301967946587,LIC,Low income,Sub-Saharan Africa
CAN,0.9446666666666665,1.0959999999999999,10.688001254712212,65.54321581299953,1.6666628166666666,0.7721111591615334,392747217532.0,0.752416525870044,0.960370253548021,1.4693861354621778,1.3606812090132663,-0.41942769747091374,1.8634102196568068,-0.5505831151023863,3.1331565623374527,1,1,0.26917599908681505,0.317817685580497,0.7570971951273414,0.043031418490180516,0.09893582479966152,HIC,High income,North America
CCK,1.375333333333333,0.17633333333333334,,,,,5045413.0,0.17781661514518957,1.3943207288747266,0.42218564941124775,,,,,-0.27622752507099707,0,0,0.26917599908681505,0.317817685580497,0.3920007830475693,0.0,0.0,,,
CHE,1.8020000000000003,1.261,11.344037039231678,121.44207144491668,1.830885372222222,0.010332462927554234,292829125036.6667,0.1728906745432267,1.8242407044305964,1.6572673390124535,1.8220234019353219,0.5775227957725306,2.044607114621784,-0.651089574385953,-0.30545555520184986,0,0,0.26917599908681505,0.317817685580497,0.11979723660279755,0.10144760327318192,0.028835250969120773,HIC,High income,Europe & Central Asia
CHL,-0.09233333333333334,-0.568,9.508276428638743,57.14437684429131,1.014291961111111,4.18431078421109,59685288292.66666,0.4346450317535013,-0.084536812041283,-0.42536733549332884,0.5310666496428756,-0.5692201495322218,1.1436091363499308,-0.10038924071618442,1.2476618811666194,1,1,0.26917599908681505,0.317817685580497,0.13645401950927302,0.267104391850854,0.22735360908828484,HIC,High income,Latin America & Caribbean
CHN,1.2913333333333332,0.605,9.068958754035773,37.27506938170017,-0.3495426499999999,1.18049278043707,2206283491609.0,0.1478716119896092,1.309680233687165,0.9102972206549941,0.22212652141616848,-0.9235872586850878,-0.3611938789429397,-0.49670264956324545,-0.45390596767158947,0,0,0.26917599908681505,0.317817685580497,0.18288086623979505,0.0,0.0,UMC,Upper middle income,East Asia & Pacific
CIV,-1.0103333333333333,-0.8593333333333333,7.544950654698996,49.64709313129214,-0.6139447666666663,3.23063181052158,11047201468.0,0.1465065734782962,-1.0095365094482078,-0.7571010161053305,-0.8495973923852753,-0.702933453877451,-0.6529250750633191,-0.22621436212293733,-0.46200541302879333,0,0,0.26917599908681505,0.317817685580497,0.08515742792734639,0.009622691018729257,0.17756748036244963,LMC,Lower middle income,Sub-Saharan Africa
CMR,-0.8916666666666667,-1.087,7.2666786368768115,41.79259998667633,-0.9649252499999988,5.69551065748188,3668924057.6666665,0.2462662069861917,-0.8899650162467319,-1.0163391212060138,-1.0452858379857957,-0.8430175526694645,-1.0401835339160832,0.0989932693003079,0.12991759409186493,0,0,0.26917599908681505,0.317817685580497,0.03153632344025407,0.12005166956960733,0.2733246445567403,LMC,Lower middle income,Sub-Saharan Africa
COD,-1.6903333333333332,-1.2093333333333334,6.186896308265755,63.89357014336516,-1.5388765833333293,21.815723757985833,5676795831.0,0.3171640369798641,-1.6947214704903744,-1.1556369024240971,-1.8046181169784632,-0.4488489628157423,-1.6734595118058944,2.225838703069935,0.5505893152330855,1,0,0.26917599908681505,0.317817685580497,0.020934472674163512,0.37378303614360453,0.21227534473325468,LIC,Low income,Sub-Saharan Africa
COG,-1.2123333333333333,-1.1139999999999999,7.695479093972776,111.39921170031472,-1.0341291666666654,20.8973748810375,6725829586.0,0.2804519101736819,-1.2130767478754396,-1.0470833181506043,-0.7437417029390552,0.398409397783058,-1.1165404921730933,2.1046749130277327,0.33275819724696704,1,0,0.26917599908681505,0.317817685580497,0.02403182400491326,0.35218873732341677,0.13046974192718977,LMC,Lower middle income,Sub-Saharan Africa
COK,0.18166666666666667,-0.7606666666666667,,,,,29870492.0,0.094521430813586,0.1915524222610018,-0.6447518519621357,,,,,-0.7704588514554322,0,0,0.26917599908681505,0.317817685580497,0.05209712483096584,0.07155347836416333,0.0554861852810564,,,
COL,0.25366666666666665,-0.13066666666666668,8.74693050078816,36.615444015035365,-0.2442184611111109,3.5111955006866897,36550946934.333336,0.4401781817948429,0.26410141813605476,0.07261274341164403,-0.004332498109624664,-0.9353516110536341,-0.2449831920077012,-0.1891977544894709,1.2804927837687377,1,1,0.26917599908681505,0.317817685580497,0.31670657563216015,0.0699799551772088,0.16451816475683922,UMC,Upper middle income,Latin America & Caribbean
COM,-0.6406666666666667,-0.9973333333333333,7.206403539503863,38.367396902880664,-0.8540305722222215,2.445457962577833,60357260.66666666,0.1237119020444165,-0.6370511556267556,-0.9142380227110157,-1.087672924569792,-0.9041057067156681,-0.9178265823176937,-0.3298074972014233,-0.5972574181436835,0,0,0.26917599908681505,0.317817685580497,0.03760516819190185,0.0003484965914923939,0.1334571384560539,LMC,Lower middle income,Sub-Saharan Africa
CPV,0.019666666666666673,-0.7246666666666667,8.17830270061973,96.47958692732387,0.5352815055555555,10.670251405562746,79360196.66666667,0.0831373599865718,0.028317181542132697,-0.6037595893693483,-0.40420702092746386,0.1323193838052492,0.6150872965283376,0.7553434414895777,-0.8380061468919925,0,0,0.26917599908681505,0.317817685580497,0.03374732839619471,0.00038547685595926353,0.07678958242095708,UMC,Upper middle income,Sub-Saharan Africa
CRI,0.22666666666666666,-0.018666666666666668,9.399746730052465,62.66799795341066,0.6808432055555556,1.1670116237712267,11926742096.0,0.4707582453062759,0.23689554468290988,0.2001442270336493,0.4547456160583466,-0.47070692011143594,0.775694516264977,-0.49848130697415677,1.4619393520362076,1,1,0.26917599908681505,0.317817685580497,0.3415347647895753,0.04759656833093767,0.1046176846928117,HIC,High income,Latin America & Caribbean
CUB,-0.5763333333333333,-1.0493333333333332,8.963069693301259,28.368454033394062,-0.44918227777777603,0.6088596882619637,1878097941.6666667,0.223808466560771,-0.5722272843124722,-0.9734490686783751,0.14766245613427254,-1.0824358516346977,-0.4711324382822593,-0.5721219522923284,-0.0033352335129808383,0,0,0.26917599908681505,0.317817685580497,0.0,0.1442194116406651,0.21245494206989365,UMC,Upper middle income,Latin America & Caribbean
CUW,0.44133333333333336,-0.49966666666666665,9.851486371432406,142.39308119729068,,0.0,1264481658.0,0.3107748348799689,0.4531990323844566,-0.3475579481644268,0.772421208917506,0.951181956956706,,-0.6524528039822401,0.5126790344202325,1,0,0.26917599908681505,0.317817685580497,0.157856088945818,9.407743199854475e-05,0.04091264106918304,HIC,High income,Latin America & Caribbean
CXR,0.8303333333333334,-0.5840000000000001,,,,,22147313.666666668,0.0458275197687375,0.8451651350982843,-0.4435861188679011,,,,,-1.0593837927429455,0,0,0.26917599908681505,0.317817685580497,0.06287674389937331,0.0,0.0,,,
CYM,0.54,-0.9216666666666667,11.25209060686223,117.436583958714,0.8915629166666666,0.0,1389682617.3333333,0.1867541196593594,0.5526180267317514,-0.8280783596687683,1.7573641718420256,0.5060853275111924,1.0081945966107229,-0.6524528039822401,-0.22319691176423148,0,0,0.26917599908681505,0.317817685580497,0.06659607845011303,2.7110064681175992e-06,0.0344647874669004,HIC,High income,Latin America & Caribbean
CYP,0.5976666666666667,0.03466666666666667,10.101846488221,141.43729349752536,0.9000485500000001,0.008906899120990767,3376315672.6666665,0.0546055005316293,0.6107243984279743,0.26087350494888994,0.9484812471425162,0.9341355790309837,1.0175573203036397,-0.6512776583680713,-1.0072997123698257,0,0,0.26917599908681505,0.317817685580497,0.014002394387692324,0.014281477454895533,0.05145613568825769,HIC,High income,Europe & Central Asia
CZE,1.4873333333333332,0.6646666666666666,9.825955384553282,150.10541350561002,0.9580374944444444,0.332210359572778,146170273506.66666,0.0743577773367901,1.5071747224581422,0.9782381003226693,0.7544671250821144,1.0887306314674263,1.0815401065907237,-0.60862211254515,-0.8900997320484761,0,0,0.26917599908681505,0.317817685580497,0.02546076489814256,0.017031985219270605,0.09211938910589096,HIC,High income,Europe & Central Asia
DEU,1.572,-1.3666666666666665,10.660974661650265,77.0724704198475,1.565417588888889,0.06949864202918103,1280748605683.6667,0.1545775251876874,1.5924869676075102,-1.3347882722740565,1.3416753742636516,-0.2138045959406664,1.7517001026068437,-0.6432833923540321,-0.41411648402856466,0,0,0.26917599908681505,0.317817685580497,0.09492005126279109,0.06685789545842667,0.08868176868670972,HIC,High income,Europe & Central Asia
DJI,-0.46799999999999997,-0.6653333333333333,7.820104510174367,262.46780708867266,-0.8571463333333323,0.5728135971336704,109731880.33333331,0.4962612272095462,-0.46306791551898974,-0.536198267688643,-0.6561017232901096,3.092702670578139,-0.9212643941144717,-0.576877749491998,1.6132610961917,1,1,0.26917599908681505,0.317817685580497,0.24107826136466837,0.0025830456435463824,0.4700269484852224,LMC,Lower middle income,"Middle East, North Africa, Afghanistan & Pakistan"
DMA,0.08333333333333333,-0.11366666666666665,9.018358946791308,,0.5080711222222222,0.05454917665495137,63371665.0,0.3900914689428554,0.09246930289461006,0.091970200747127,0.18654336179829217,,0.585064398917669,-0.6452557733622882,0.9833036638248386,1,1,0.26917599908681505,0.317817685580497,0.02638729093319453,0.01059581611256953,0.1413596592826439,UMC,Upper middle income,Latin America & Caribbean
DNK,1.062,1.5776666666666668,10.902686482676591,103.59960772766134,1.7398149666666667,0.44472108501756163,80547625502.33333,0.10899398512479501,1.0785982468258852,2.017847426634195,1.511653695871747,0.25930424187713846,1.9441235077625216,-0.5937778346705066,-0.6845860633609383,0,0,0.26917599908681505,0.317817685580497,0.07786635500612886,0.041390668847684504,0.07367055378842989,HIC,High income,Europe & Central Asia
DOM,-0.15,0.35966666666666663,8.870002464311414,51.612438847365205,-0.26810516666666645,0.9508801104504107,9611191591.333334,0.5466558043753814,-0.14264318373750595,0.6309425422448873,0.08221505139734332,-0.6678817098143008,-0.27133887051341743,-0.5269969549580985,1.9122769266399384,1,1,0.26917599908681505,0.317817685580497,0.5009222019768274,0.016121271488050145,0.10035839639839779,UMC,Upper middle income,Latin America & Caribbean
DZA,-1.043,-1.2583333333333333,8.462124529936686,50.928790518064936,-0.7720859722222214,14.3722757075962,30376630525.0,0.165597299089864,-1.0424522575767041,-1.2114319265087243,-0.20461579705521069,-0.6800745093161176,-0.8274120407285873,1.2437757862355596,-0.3487307415533792,0,0,0.26917599908681505,0.317817685580497,0.10471833834526179,0.015183538691146909,0.158678268525101,UMC,Upper middle income,"Middle East, North Africa, Afghanistan & Pakistan"
ECU,-0.9129999999999999,-1.0903333333333334,8.695442294580033,43.993418274909665,-0.5566485777777775,4.4579373405542935,17740451200.666668,0.4016817066314163,-0.9114610150245253,-1.0201347010757165,-0.04054040402298798,-0.8037661788588596,-0.5897066487949411,-0.06428789464288362,1.0520742487259265,1,1,0.26917599908681505,0.317817685580497,0.3186741641177408,0.04904525926428654,0.1559916090353168,UMC,Upper middle income,Latin America & Caribbean
EGY,-0.04633333333333333,1.618,8.125585422103727,35.97487545654474,-0.8852762611111098,4.345671280615637,24918173274.33333,0.1775568380704391,-0.03818606467666583,2.0637739430575954,-0.44127924389052964,-0.9467760871564835,-0.9523018819411548,-0.07909989219274075,-0.27776891031731654,0,0,0.26917599908681505,0.317817685580497,0.05100662138712706,0.028680225797573993,0.1529267212454703,LMC,Lower middle income,"Middle East, North Africa, Afghanistan & Pakistan"
ERI,-1.467666666666667,-1.0736666666666668,,,-1.5384617888888874,,340163134.0,0.3098137118684742,-1.4703569832471555,-1.001156801727204,,,-1.6730018434598664,,0.5069762185299579,1,0,0.26917599908681505,0.317817685580497,0.0007236788223249661,0.4137779209276047,0.20991844706215704,LIC,Low income,Sub-Saharan Africa
ESP,0.86,2.594666666666667,10.19252420089736,64.3127217378032,0.8332040055555555,0.0476298643398022,269961577660.0,0.0918984819884136,0.8750580083986533,3.175878844880439,1.0122482790673224,-0.44137343609708474,0.9438036032353143,-0.6461686836141907,-0.7860220978460353,0,0,0.26917599908681505,0.317817685580497,0.04529218501462199,0.020304439439489872,0.07593423980430399,HIC,High income,Europe & Central Asia
EST,0.9773333333333332,1.186,9.820553042745761,146.96301359246365,1.23839875,1.4754097332751968,12837148336.666666,0.069357119846344,0.9932860016765171,1.5718667919441465,0.7506680515022763,1.0326862436536863,1.390880006967342,-0.4577923218539042,-0.9197710942542227,0,0,0.26917599908681505,0.317817685580497,0.04756099135698442,0.015957349419366388,0.058912583002974105,HIC,High income,Europe & Central Asia
ETH,-1.094,-0.631,6.456851697742235,35.2195982398214,-0.913895733333332,11.101690862105883,2482389286.0,0.36707126196302814,-1.0938411296548667,-0.49710379503070684,-1.6147781504537233,-0.9602463806935472,-0.9838795144086313,0.8122660784532375,0.8467134453076377,1,1,0.26917599908681505,0.317817685580497,0.09307519942739877,0.12493135562061548,0.30009390602210567,,,Sub-Saharan Africa
FIN,1.418,1.1413333333333335,10.68374258144326,73.20760590919713,1.8345914444444442,0.436586236620882,58247957796.333336,0.1044805973874509,1.4373127264303136,1.5210060216901327,1.357686394231515,-0.2827340675131031,2.0486962531503554,-0.5948511185693618,-0.7113662142882047,0,0,0.26917599908681505,0.317817685580497,0.07067675187310248,0.05136947076108073,0.059717110356744325,HIC,High income,Europe & Central Asia
FJI,0.008,0.09933333333333333,8.569724078170855,,-0.010316577777777567,1.1088974045444766,819900164.6666666,0.2222862461474723,0.016561557210526892,0.33450775442111913,-0.12894887047721182,,0.013095211674932624,-0.5061486970408325,-0.012367316459325064,0,0,0.26917599908681505,0.317817685580497,0.24901081502762404,0.023385925455056272,0.1736290622249185,UMC,Upper middle income,East Asia & Pacific
FLK,-0.8220000000000001,-1.0193333333333332,,,,,180530578.0,0.0427365760607574,-0.8197671452380001,-0.9392888498510522,,,,,-1.077723883119515,0,0,0.26917599908681505,0.317817685580497,0.06752699562951238,0.0,0.0,,,
FRA,1.2646666666666666,1.0506666666666666,10.520454884251116,64.0810972633182,1.0781893833333334,0.03913551481065753,489967660781.3333,0.1297297544106122,1.282810235214923,1.4177662492342233,1.242858047855569,-0.4455044354077974,1.2141111113299514,-0.6472893988551288,-0.5615505380785636,0,0,0.26917599908681505,0.317817685580497,0.07948894247865586,0.04018219996385483,0.07905767597091078,HIC,High income,Europe & Central Asia
FRO,-0.5630000000000001,-1.0519999999999998,10.879414258992128,105.80076098898734,,0.0,1156122067.3333333,0.1118392421652885,-0.5587922850763514,-0.9764855325741371,1.495288035701811,0.29856158989931136,,-0.6524528039822401,-0.6677037529091178,0,0,0.26917599908681505,0.317817685580497,0.1071018690794559,0.07698004509255285,0.02179640454326599,HIC,High income,Europe & Central Asia
FSM,-0.8026666666666666,-1.0190000000000001,7.96614701301587,104.597658942033,0.33861920555555564,0.03559125493572283,48842537.333333336,0.2819039231078924,-0.8002863963456247,-0.9389092918640822,-0.553400666258479,0.27710438535417076,0.39809762664942805,-0.6477570163043586,0.34137370466388206,1,0,0.26917599908681505,0.317817685580497,0.017075545734641873,0.09567541994749855,0.09220458111893563,LMC,Lower middle income,East Asia & Pacific
GAB,-0.58,-1.1286666666666667,8.84778411606185,73.05063432300757,-0.672493655555555,13.9718044291342,6576087788.333333,0.228119155513842,-0.5759219091024054,-1.0637838695772956,0.0665905050746645,-0.2855336400357923,-0.7175256826621161,1.1909389841013396,0.0222422057592037,0,0,0.26917599908681505,0.317817685580497,0.032466689358312574,0.21017555218775277,0.154202524862061,UMC,Upper middle income,Sub-Saharan Africa
GBR,1.314,1.2046666666666666,10.737440514319138,60.05150023189356,1.4396987222222222,0.3362067991269753,408632384727.0,0.187018653626306,1.3325197323885707,1.5931220392144805,1.3954482399919326,-0.5173718949941669,1.6129867072303496,-0.6080948360653549,-0.22162730153517837,0,0,0.26917599908681505,0.317817685580497,0.14077156909445654,0.052942414725508126,0.08368630099638029,HIC,High income,Europe & Central Asia
GEO,0.011999999999999997,-0.5723333333333334,8.354414839579574,98.17561401470533,0.4569996333333333,0.5262813242333247,2344519538.6666665,0.1310639290125005,0.020592056981363162,-0.4303015893239422,-0.2803601785674224,0.1625678570915923,0.528714068863437,-0.5830170574232268,-0.5536342234871391,0,0,0.26917599908681505,0.317817685580497,0.047726048764121266,0.027578271444732284,0.10300580948528433,UMC,Upper middle income,Europe & Central Asia
GHA,-0.9856666666666666,-0.8513333333333333,7.4773677918745065,71.64887855310742,0.024990572222222267,9.86112005312606,11481729165.666666,0.2848096277710747,-0.9846817608613841,-0.7479916244180445,-0.8971234982397579,-0.310533813839187,0.05205177235211939,0.648589435725472,0.3586146806133302,1,0,0.26917599908681505,0.317817685580497,0.03471334039012897,0.11329831564893174,0.33124414507810296,LMC,Lower middle income,Sub-Saharan Africa
GIB,0.7043333333333334,-0.726,,,,,301343402.3333333,0.17884885187247943,0.7182043923169417,-0.6052778213172291,,,,,-0.27010275650286236,0,0,0.26917599908681505,0.317817685580497,0.0022954231073776237,0.00020377796535976027,0.00757220695646338,HIC,High income,Europe & Central Asia
GIN,-2.032,-1.2343333333333333,6.69208155717141,95.1779439769105,-0.9225488944444434,17.05778256905757,3194470001.6666665,0.2817030392243624,-2.0389933259159734,-1.184103751446866,-1.44935812040263,0.10910471211346394,-0.9934270818524632,1.5980923185323666,0.34018176170819997,1,0,0.26917599908681505,0.317817685580497,0.01944593249047043,0.14088424948409886,0.3353027084812859,LMC,Lower middle income,Sub-Saharan Africa
GMB,-1.1929999999999998,-1.0,6.431561723800086,46.1233468820198,-0.6922717777777773,6.20439233334242,154423548.33333334,0.3808478128434929,-1.1935959989830642,-0.9172744866067777,-1.6325627474417654,-0.7657791154131576,-0.7393481072540422,0.1661333661393,0.9284565024758463,1,1,0.26917599908681505,0.317817685580497,0.005175601347477666,0.41991566721376855,0.33539078683584833,LIC,Low income,Sub-Saharan Africa
GNB,-2.933666666666667,-1.117,6.494951447903079,55.194932076826895,-1.1861268888888876,18.1862185253363,283686259.0,0.05753068078226029,-2.94753514925865,-1.0504993400333367,-1.5879853706942149,-0.6039883017690414,-1.28424897299197,1.7469742747416088,-0.9899431781741943,0,0,0.26917599908681505,0.317817685580497,0.00023882865775047413,0.024568906300179275,0.07979641869131408,LIC,Low income,Sub-Saharan Africa
GNQ,-2.0416666666666665,-1.0203333333333333,8.99542988230389,97.96901604789093,-1.292504833333331,18.63979314805327,4502292357.0,0.2436590503529231,-2.0487337003621606,-0.9404275238119632,0.17041902050184174,0.15888320303937045,-1.401622333556739,1.8068173493452073,0.11444805054871646,0,0,0.26917599908681505,0.317817685580497,0.04705884928390303,0.1941995428818002,0.12608960786885567,UMC,Upper middle income,Sub-Saharan Africa
GRC,0.36033333333333334,0.8773333333333334,9.805150528991113,66.6038970966479,0.2195723666666666,0.0898966996553815,27766123418.0,0.0777137477942163,0.3715814120250221,1.2203960960096913,0.7398365852320543,-0.4005105529792554,0.2667458918704299,-0.6405921428370702,-0.8701871075217371,0,0,0.26917599908681505,0.317817685580497,0.043595441718330574,0.011927475891351602,0.07399136768289705,HIC,High income,Europe & Central Asia
GRD,0.24033333333333337,-0.17866666666666667,9.105830523036621,,0.4338589555555556,0.0,31196828.666666668,0.3396349474650157,0.25066641889993385,0.017956393287927506,0.24805575145081785,,0.5031815289115793,-0.6524528039822401,0.6839202872845952,1,1,0.26917599908681505,0.317817685580497,0.32498468362823324,0.00022569385267883122,0.031014278102972765,UMC,Upper middle income,Latin America & Caribbean
GRL,-1.2169999999999999,-1.0573333333333332,10.733969401801795,84.3821032653985,1.311542988888889,0.0,727115546.6666666,0.0705444472723693,-1.217778997608082,-0.9825584603656612,1.3930072593344478,-0.08343802602756754,1.4715845662552387,-0.6524528039822401,-0.912726096235118,0,0,0.26917599908681505,0.317817685580497,0.008197787295411966,0.1182803244965061,0.0013908389865801285,HIC,High income,Europe & Central Asia
GTM,-0.2233333333333333,0.43366666666666664,8.276447304000149,47.44519652988143,-0.6444181999999995,1.76897067932814,10683234505.0,0.44133910104569135,-0.21653567953617095,0.7152044153522837,-0.3351890685300144,-0.7422040592956067,-0.6865482974047487,-0.41906090101268256,1.28738108908646,1,1,0.26917599908681505,0.317817685580497,0.3284834460142246,0.01135521994837304,0.12270659967295246,UMC,Upper middle income,Latin America & Caribbean
GUM,0.611,0.395,10.4762261985922,70.33942328513324,0.7970655999999998,0.0,26389271.33333333,0.0,0.6241593976640952,0.6711756888637342,1.2117552340862092,-0.33388781743245016,0.9039298669297275,-0.6524528039822401,-1.3313010237564857,0,0,0.26917599908681505,0.317817685580497,0.0,0.0,0.0,HIC,High income,East Asia & Pacific
GUY,-0.9763333333333334,-0.8743333333333333,8.668525324694736,,-0.2717494722222219,12.605209428692392,1379430214.0,0.331030583420782,-0.9752772613960997,-0.7741811255189921,-0.059469148775526025,,-0.27535985806129953,1.010635143303404,0.6328663603571212,1,1,0.26917599908681505,0.317817685580497,0.23839357797925298,0.022854877083678865,0.12127319003257804,HIC,High income,Latin America & Caribbean
HKG,1.162,1.0686666666666667,10.675737869169714,379.3096159238714,1.4477901333333332,0.0014374014466414,143575911468.0,0.4966554807196843,1.1793607410967921,1.4382623805306172,1.3520572630146972,5.1765646322029255,1.621914461181435,-0.652263158182633,1.6156003963182421,1,1,0.26917599908681505,0.317817685580497,0.05589999382686958,0.2668410413606181,0.47672508828585003,HIC,High income,East Asia & Pacific
HMD,1.2316666666666667,-0.902,,,,,477504.0,0.5225653955105319,1.249558612105524,-0.8056844384375232,,,,,1.769336673587392,1,1,0.26917599908681505,0.317817685580497,0.13826725131957454,0.0,0.0,,,
HND,-0.49500000000000005,-0.3833333333333333,7.750605785983271,102.96441112815147,-0.740716522222222,1.7710642978643734,6893144314.666667,0.566136379677361,-0.49027378897213464,-0.21509221071180826,-0.7049751149254317,0.24797557412483578,-0.792800187822449,-0.4187846761888492,2.0278647682119058,1,1,0.26917599908681505,0.317817685580497,0.567828873816999,0.0036137370832757987,0.07832148785057606,LMC,Lower middle income,Latin America & Caribbean
HRV,0.844,1.2750000000000001,9.462122322455075,93.34533237938564,0.34965545,0.6226023554960266,12674705409.0,0.0570058391678695,0.8589360093153081,1.6732087744652042,0.49860982783287755,0.07642026776443023,0.41027459721624704,-0.5703087920771158,-0.9930573217985057,0,0,0.26917599908681505,0.317817685580497,0.03832484226867475,0.009262740650214618,0.046421218107821106,HIC,High income,Europe & Central Asia
HTI,-1.1236666666666666,-1.0796666666666666,7.2585201729959925,41.810396040097636,-1.2640175833333327,0.6741090319627387,928405911.6666666,0.48987191329349783,-1.1237340029552356,-1.0079888454926682,-1.0510230915113932,-0.8427001618385505,-1.370190590038751,-0.5635131784602926,1.5753501519185749,1,1,0.26917599908681505,0.317817685580497,0.8137455117279041,0.0070028484882303675,0.11615440316118845,LMC,Lower middle income,Latin America & Caribbean
HUN,1.2856666666666665,0.7986666666666666,9.489120354114656,165.431846278314,0.46116861111111107,0.26491189706876966,98942248969.0,0.0738168452548879,1.3039703590118135,1.1308204110847115,0.5175955774281276,1.3620760253878936,0.533313959700331,-0.6175012400594067,-0.893309348336233,0,0,0.26917599908681505,0.317817685580497,0.044061840599842965,0.027117554491952908,0.057363786304066,HIC,High income,Europe & Central Asia
IDN,0.2826666666666667,1.3780000000000001,8.136753027997424,39.57149303810727,-0.1957351444444443,2.943239691550723,152600504992.33334,0.2581201869975109,0.2933225414746178,1.7904921924390127,-0.4334258799212745,-0.8826307727057263,-0.19148855232264397,-0.26413188915087943,0.20025309200739097,0,0,0.26917599908681505,0.317817685580497,0.10860306514652975,0.12109827091651311,0.24147255454448222,UMC,Upper middle income,East Asia & Pacific
IND,0.6243333333333333,2.5429999999999997,7.430691015426315,40.91596551122107,-0.11117519444444428,1.8366547585775101,263212970694.0,0.2262520809502517,0.6375943969002161,3.117047356900049,-0.9299478759845093,-0.8586522407649453,-0.0981883334424768,-0.4101308965522623,0.011163933402565763,0,0,0.26917599908681505,0.317817685580497,0.14822953099675173,0.04792964237892095,0.18618896565041684,LMC,Lower middle income,South Asia
IRL,1.2116666666666667,0.14433333333333334,11.097681243889243,232.238516478707,1.428164122222222,0.06560955071814427,133623774486.66669,0.2601218015238678,1.2294061132513425,0.3857480826621034,1.648779311377692,2.5535662992997796,1.6002598701792967,-0.6437965056760969,0.21212965618345947,0,0,0.26917599908681505,0.317817685580497,0.26743944543071985,0.03417906271379544,0.04463255346285818,HIC,High income,Europe & Central Asia
IRN,-0.169,0.11033333333333332,8.559602384227775,40.81850785781907,-0.8232765277777757,15.277968737172401,58182260825.0,0.2649977630881366,-0.16178805764897827,0.34703316799113754,-0.1360667207377842,-0.8603903882552848,-0.8838937443948096,1.3632698073345055,0.24106113608407778,0,0,0.26917599908681505,0.317817685580497,0.0009079224453802801,0.2276022390852037,0.29804399076964033,UMC,Upper middle income,"Middle East, North Africa, Afghanistan & Pakistan"
IRQ,-2.2113333333333336,-1.0376666666666667,8.455048905716836,61.32033372643474,-1.3892699444444405,36.6410643896252,46578662781.333336,0.2690207483853994,-2.2196940656417996,-0.9601645391344165,-0.2095915683026112,-0.4947423766627691,-1.508389261004428,4.181843120002599,0.26493148795911275,0,0,0.26917599908681505,0.317817685580497,0.12319530354336965,0.2140938748771916,0.16922659257081105,UMC,Upper middle income,"Middle East, North Africa, Afghanistan & Pakistan"
ISL,0.36199999999999993,-0.43766666666666665,10.922106112133918,89.66911767962301,1.5161131222222222,0.00025643798594563333,4228489840.0,0.0945738853222587,0.3732607869295371,-0.27696016258795964,1.525310107078247,0.010855346680348061,1.697299437377383,-0.6524189704369854,-0.7701476130374589,0,0,0.26917599908681505,0.317817685580497,0.07446236184778669,0.01983829279509001,0.02178577304229279,HIC,High income,Europe & Central Asia
ISR,1.2186666666666666,0.6846666666666668,10.520916564027779,57.65903928491224,0.7772153333333334,0.19541522961892,55273092913.0,0.3538341878330682,1.236459487850306,1.001011579540885,1.2431827136217048,-0.5600411964350506,0.8820278409135146,-0.6266703911684139,0.7681713692296934,1,1,0.26917599908681505,0.317817685580497,0.3369496876093097,0.05670657914831842,0.12292425304385979,HIC,High income,"Middle East, North Africa, Afghanistan & Pakistan"
ITA,1.2276666666666667,0.8286666666666666,10.34544628102652,55.8169421813815,0.49130918333333334,0.06440438162262976,453422570567.3333,0.1108389507600948,1.2455281123346877,1.1649806299120342,1.1197872418156203,-0.5928948138339495,0.5665699158061095,-0.643955511538596,-0.6736389741578239,0,0,0.26917599908681505,0.317817685580497,0.08807446154824816,0.029170357592469998,0.06310442490482639,HIC,High income,Europe & Central Asia
JAM,-0.399,-0.8863333333333333,8.606115193037942,,0.1626286888888889,1.36117788335212,1130413831.6666667,0.4685734493590314,-0.39354179447206405,-0.7878452130499213,-0.10335764949228093,,0.20391641289712903,-0.4728636789684301,1.448975882328436,1,1,0.26917599908681505,0.317817685580497,0.29767198580570714,0.023111957172121913,0.11679259107087821,UMC,Upper middle income,Latin America & Caribbean
JOR,0.085,-0.08833333333333333,8.286997142070662,91.27007687642786,-0.0452710777777775,1.1314934119846827,6977220593.666667,0.2414144032368134,0.09414867779912518,0.12081660775686627,-0.32777013568325153,0.03940829365706392,-0.025472248462482288,-0.5031674575903364,0.1011294543974264,0,0,0.26917599908681505,0.317817685580497,0.20156101392369577,0.02904564133415377,0.16124614524153283,LMC,Lower middle income,"Middle East, North Africa, Afghanistan & Pakistan"
JPN,2.0656666666666665,0.16533333333333333,10.47313678974149,33.7202895907456,1.4085295,0.0308638156608395,658873731931.0,0.3712361289227834,2.089917814324887,0.4096602358412294,1.2095826778207566,-0.98698640032942,1.5785957780060784,-0.6483807383713388,0.8714256509201482,1,1,0.26917599908681505,0.317817685580497,0.19333518982889078,0.18443832575623995,0.24613356805766926,HIC,High income,East Asia & Pacific
KAZ,-0.24933333333333332,-0.6326666666666667,9.235034583938273,56.72890444321717,-0.3716042444444443,11.753347820367049,33683166566.0,0.2455215448742337,-0.24273392804660673,-0.49900158496555813,0.3389155584878134,-0.5766300582056186,-0.38553579956271467,0.8982434546467716,0.12549914726022018,0,0,0.26917599908681505,0.317817685580497,0.019572459617568077,0.1678148963715219,0.282252899495941,UMC,Upper middle income,Europe & Central Asia
KEN,-0.36466666666666664,0.5503333333333335,7.324043115552738,37.0624873801639,-0.5987255833333326,2.5608082125169234,5667406119.666667,0.2826681870689535,-0.3589466714390526,0.8480497107918725,-1.004945577572155,-0.9273786373974143,-0.6361328095028802,-0.31458858223810504,0.3459084589142516,1,0,0.26917599908681505,0.317817685580497,0.0823897049360342,0.018104218079769658,0.30853161039275756,LMC,Lower middle income,Sub-Saharan Africa
KGZ,-0.15433333333333332,0.38399999999999995,7.030138593332562,105.80086351509901,-0.6678359444444437,6.207443449891386,1199258556.3333333,0.5486423217107278,-0.14700955848924524,0.6586502752937158,-1.2116272251138096,0.2985634184422475,-0.7123865421334467,0.1665359199554071,1.9240639117509302,1,1,0.26917599908681505,0.317817685580497,0.00571525241743747,0.06236476191340986,0.6159618237065502,LMC,Lower middle income,Europe & Central Asia
KHM,-0.3846666666666667,-0.7446666666666667,7.406558792475622,121.98986790557835,-0.8381530611111087,1.8676657703649366,13227752680.0,0.2418688687816669,-0.3790991702932341,-0.6265330685875634,-0.9469183110108719,0.5872926907995379,-0.900307943033504,-0.4060394103910402,0.10382602216219398,0,0,0.26917599908681505,0.317817685580497,0.18766811770871686,0.050020848838315646,0.22508226506203388,LMC,Lower middle income,East Asia & Pacific
KIR,-0.6883333333333335,-0.9536666666666666,7.445842567951853,107.240054738097,0.18164868888888894,0.08294556674704824,112401521.0,0.1462674019305758,-0.685081277895888,-0.8645159264179124,-0.9192928924710326,0.32423124980336465,0.2249023543871699,-0.6415092513885169,-0.4634245355412388,0,0,0.26917599908681505,0.317817685580497,0.026490466942013246,0.034781110873333236,0.17796141439963667,LMC,Lower middle income,East Asia & Pacific
KNA,0.5830000000000001,-0.371,9.946592156388709,,0.6569084777777778,0.0,73706336.66666667,0.5147241294976324,0.5959458992682414,-0.2010485651939089,0.8393021816123916,,0.7492858518735732,-0.6524528039822401,1.7228105828753488,1,1,0.26917599908681505,0.317817685580497,0.5748004498469339,0.005567629485850004,0.021673388238533004,HIC,High income,Latin America & Caribbean
KOR,1.7636666666666667,0.9093333333333332,10.34314750807982,72.82668013819473,0.8189935611111109,0.036153493845181565,518936509840.0,0.3651598584380333,1.7856150816267484,1.2568336627588355,1.1181706822051756,-0.2895278404982005,0.9281243416339162,-0.6476828364377641,0.8353721474043485,1,1,0.26917599908681505,0.317817685580497,0.11354385622654091,0.2698742807390187,0.2323181677981386,HIC,High income,East Asia & Pacific
KWT,-0.04033333333333333,-1.072,10.26700025611069,97.56590242627306,-0.13343961666666646,35.47855290141327,39409838242.66666,0.2316863837228903,-0.032140315020411425,-0.9992590117923525,1.064621865147644,0.1516937119601358,-0.12275404648480695,4.028465355391598,0.04340832650701499,0,0,0.26917599908681505,0.317817685580497,0.07708946679794214,0.1480943204134032,0.11460245869961516,HIC,High income,"Middle East, North Africa, Afghanistan & Pakistan"
LAO,-1.063,-0.805,7.711459725445235,80.4451063120467,-0.6273295388888877,4.949412190961887,4504641700.0,0.2567226063340218,-1.0626047564308854,-0.6952330642291794,-0.7325036885780188,-0.15365397249322144,-0.6676933214730488,0.000555605556832886,0.19196055804413537,0,0,0.26917599908681505,0.317817685580497,0.011816205304396145,0.3341820847695902,0.19002425250700508,LMC,Lower middle income,East Asia & Pacific
LBN,0.3456666666666666,1.3936666666666666,8.988358404574953,69.33936322830677,-0.742457372222222,0.0018855588149207334,2813226298.333333,0.162115433081195,0.35680291286528903,1.8083314178266146,0.16544616517954105,-0.35172378841352586,-0.7947209752169253,-0.6522040298419347,-0.3693903663512133,0,0,0.26917599908681505,0.317817685580497,0.0319756898559348,0.005329082578413043,0.1149564518608344,LMC,Lower middle income,"Middle East, North Africa, Afghanistan & Pakistan"
LBR,-1.1686666666666667,-1.1366666666666667,6.517977181354293,,-0.7043197999999992,20.294892099951333,1160677491.3333333,0.19562695742782146,-1.1690771253771437,-1.0728932612645818,-1.5717930491552268,,-0.7526414347738246,2.0251854085224927,-0.17054999808860993,0,0,0.26917599908681505,0.317817685580497,0.051962120108621744,0.052310927281045146,0.19141560043009323,LIC,Low income,Sub-Saharan Africa
LBY,-1.2956666666666667,-1.2683333333333333,8.985399928805645,48.52134986210773,-1.731795644444442,16.93260825769927,12740101254.333334,0.1363277367226759,-1.2970454931011954,-1.222818666117832,0.1633656846153306,-0.7230109723667215,-1.8863190348758958,1.5815772507179506,-0.5224014615056575,0,0,0.26917599908681505,0.317817685580497,0.03562061617152121,0.08902056809161203,0.1252627969850743,UMC,Upper middle income,"Middle East, North Africa, Afghanistan & Pakistan"
LCA,0.49433333333333335,0.11333333333333333,9.27270288762371,,0.5790595055555555,0.020589447758679966,98750483.0,0.3358760528176303,0.5066031543480373,0.3504491898738698,0.36540493336028756,,0.6633902695331225,-0.6497363031099274,0.6616169152202418,1,1,0.26917599908681505,0.317817685580497,0.28155646759539504,0.0005610256703945646,0.01151255249478277,UMC,Upper middle income,Latin America & Caribbean
LKA,-0.37000000000000005,0.4346666666666667,8.350743028406788,46.84330587818823,-0.1481492666666663,0.1088336652015176,10339650475.0,0.2615422883356026,-0.36432067113350103,0.7163430893131945,-0.28294229597385295,-0.752938718803404,-0.1389841124279708,-0.6380936647803507,0.2205581035986231,0,0,0.26917599908681505,0.317817685580497,0.26775196048815775,0.02593243348909291,0.22360069114454248,LMC,Lower middle income,South Asia
LSO,-0.734,-0.9653333333333333,7.022884622804816,137.46826405137367,-0.2625739666666665,6.593073942686057,861418387.6666666,0.1506637742236032,-0.731096150279602,-0.8778004559618713,-1.2167284143318846,0.8633483362635421,-0.26523595570954184,0.21741467990784447,-0.4373386948399019,0,0,0.26917599908681505,0.317817685580497,0.30598446014938646,0.017155018348242432,0.04615542415821907,LMC,Lower middle income,Sub-Saharan Africa
LTU,0.848,1.1663333333333332,9.610334883272357,139.26813925393432,0.8865723666666666,0.3672131888876056,22399533919.0,0.0678642671524306,0.8629665090861445,1.5494728707129013,0.6028369286092824,0.895448930286167,1.0026882143655536,-0.60400395971844,-0.9286289240667135,0,0,0.26917599908681505,0.317817685580497,0.05811105149485255,0.006566401932844281,0.05022999948153265,HIC,High income,Europe & Central Asia
LUX,1.2423333333333335,1.4593333333333334,11.580384340590735,351.1211252395606,1.7559827722222223,0.010613537370781833,14813296683.666666,0.0910666754061548,1.2603066114944208,1.8831043412597546,1.988229247520506,4.673825723260649,1.9619624468482864,-0.6510524903913184,-0.7909576157123316,0,0,0.26917599908681505,0.317817685580497,0.030449774641352772,0.016522290102359474,0.060791717466850005,HIC,High income,Europe & Central Asia
LVA,0.79,0.9886666666666667,9.534156213301243,126.14151205484966,0.7280786333333333,1.0647271960270321,10902205067.333334,0.0584914582956249,0.8045242624090185,1.347168463657756,0.5492660175589015,0.6613368485125629,0.8278122830158442,-0.5119763623271582,-0.9842424122943789,0,0,0.26917599908681505,0.317817685580497,0.027537097867719285,0.011933813728034065,0.05314068455076021,HIC,High income,Europe & Central Asia
MAC,0.6676666666666667,0.30866666666666664,11.173913059673433,115.86511070431901,1.0232210777777777,0.0007532061587915666,1254040842.0,0.349405702242038,0.6812581444176091,0.5728701702384386,1.7023875960081853,0.4780582593650349,1.153461182613044,-0.6523534285540417,0.7418949845251963,1,1,0.26917599908681505,0.317817685580497,0.07331854448222282,0.11424602319877153,0.3175013378301222,HIC,High income,East Asia & Pacific
MAR,-0.3933333333333333,-0.21166666666666667,8.061705274288373,70.8615647285762,-0.32923051666666653,2.9373778159315136,23427945800.0,0.1050401805260393,-0.38783191979671267,-0.01961984742212762,-0.48620149992097944,-0.32457547706879375,-0.33878224688872083,-0.2649052848446157,-0.708045932101111,0,0,0.26917599908681505,0.317817685580497,0.03876668871394052,0.018407227527748805,0.08306145464184318,LMC,Lower middle income,"Middle East, North Africa, Afghanistan & Pakistan"
MDA,-0.035666666666666666,-0.2846666666666667,7.976614790133643,88.86482981694574,-0.40858811666666556,0.2862828737707063,2207177126.0,0.0268622251577255,-0.027438065287769105,-0.1027430465686132,-0.5460394409038742,-0.003489046820043893,-0.4263423914938757,-0.6146816269481947,-1.1719142203551416,0,0,0.26917599908681505,0.317817685580497,0.015769332222352255,0.009503300059926905,0.0238770535744129,UMC,Upper middle income,Europe & Central Asia
MDG,-1.3626666666666667,-0.632,6.111655651932108,62.466159608980526,-0.7495930611111108,8.340814532510008,2446964741.333333,0.2819835134032584,-1.364556364262703,-0.4982424689916176,-1.857529391346347,-0.4743066867749984,-0.8025942217738841,0.448005557938154,0.3418459530604935,1,0,0.26917599908681505,0.317817685580497,0.1620718311703646,0.061057363573688316,0.3125452845560432,LIC,Low income,Sub-Saharan Africa
MDV,-0.8323333333333333,-1.0196666666666667,9.203907102912346,143.33760983839866,-0.41097386666666647,0.005917795743380134,270044948.0,0.1713080846697315,-0.8301792696459936,-0.9396684078380227,0.3170258678710748,0.9680275306986038,-0.42897473691500526,-0.6516720303797873,-0.31484583986928355,0,0,0.26917599908681505,0.317817685580497,0.1070291904761859,0.0009483127495062989,0.1612956238282304,UMC,Upper middle income,South Asia
MEX,0.9503333333333334,0.6976666666666667,9.220778230887603,74.35180137528151,-0.39018518333333313,2.17344706378635,393740244305.6667,0.7597563775677746,0.9660801282233725,1.0158143410327247,0.328890103574124,-0.2623274559396737,-0.40603729779364245,-0.3656956789781365,3.176707515122343,1,1,0.26917599908681505,0.317817685580497,0.7718898896492442,0.021239374425616128,0.09532691727146646,UMC,Upper middle income,Latin America & Caribbean
MHL,-0.213,-0.871,8.284893225692867,126.65381114854067,0.391886288888889,0.0,518594050.3333333,0.2222464142795708,-0.20612355512817726,-0.7703855456492895,-0.32924966685877655,0.6704736515538725,0.4568704917481906,-0.6524528039822401,-0.01260365853676096,0,0,0.26917599908681505,0.317817685580497,0.05769347300916103,0.032661999254804924,0.20828324176147303,UMC,Upper middle income,East Asia & Pacific
MKD,0.06633333333333334,-0.26699999999999996,8.594183344517129,118.00704539780634,-0.15720459999999978,0.8685568498744507,5205635683.666667,0.0349880993697219,0.0753396788685559,-0.08262647325918969,-0.11174844964693692,0.5162594501591478,-0.14897542133996622,-0.5378584026174681,-1.1236994091141959,0,0,0.26917599908681505,0.317817685580497,0.03590451172404078,0.016190418337876655,0.015168195932591411,UMC,Upper middle income,Europe & Central Asia
MLI,-0.8569999999999999,-0.8413333333333334,6.755751515365723,52.22659795494963,-0.8041668055555546,8.078028948459844,2163695598.333333,0.0823186861318861,-0.8550340182328173,-0.736604884808937,-1.4045836754260723,-0.6569282436240799,-0.8628088068319041,0.41333453243662993,-0.8428637418216918,0,0,0.26917599908681505,0.317817685580497,0.0018588796409516287,0.03349399457036693,0.09115364398522456,LIC,Low income,Sub-Saharan Africa
MLT,1.0236666666666665,0.08633333333333333,10.19052358477439,211.20102804122567,1.0316464444444444,0.0,4625681749.333333,0.1504701022369768,1.0399726240220375,0.31970499292927923,1.010841391438407,2.1783647994255153,1.1627574103679763,-0.6524528039822401,-0.4384878460615717,0,0,0.26917599908681505,0.317817685580497,0.09115691695408025,0.07320896511843501,0.12168996548765824,HIC,High income,"Middle East, North Africa, Afghanistan & Pakistan"
MMR,-1.2893333333333332,-0.6946666666666667,7.111934373285767,,-1.0654481055555538,7.081384991695887,12334191229.0,0.4032221743452864,-1.290663868464038,-0.5695993705420254,-1.154106209666424,,-1.1510966130486124,0.28184075904034345,1.0612146018878506,1,1,0.26917599908681505,0.317817685580497,0.017007542459483823,0.38010190123636695,0.3971297724071156,LMC,Lower middle income,East Asia & Pacific
MNE,0.19400000000000003,-0.24700000000000003,8.799342387296763,104.99081004761332,0.12180945555555552,0.9694233310746303,386562321.0,0.0659006087854503,0.20397979655441367,-0.05985299404097454,0.032524964894122856,0.28411619595738674,0.15887803001586404,-0.5245504262511814,-0.9402802756672446,0,0,0.26917599908681505,0.317817685580497,0.0047536306106999516,0.08243431643929934,0.05664065702234016,UMC,Upper middle income,Europe & Central Asia
MNG,-1.252,-1.1816666666666666,8.261149379015478,102.213934190258,-0.055047955555555396,12.339137053596247,4959650611.666667,0.6306271081644558,-1.2530458706028995,-1.124133589505566,-0.3459469851347535,0.2345908930800682,-0.03625968195353,0.9755304699037833,2.41052000255037,1,1,0.26917599908681505,0.317817685580497,0.0024863970711651163,0.8443602859949975,0.33085254360444255,UMC,Upper middle income,East Asia & Pacific
MNP,0.86,-0.6033333333333334,10.034716780059972,135.6676792042647,,0.0,2963801.0,0.0,0.8750580083986533,-0.46560048211217586,0.9012738119628773,0.831235085801452,,-0.6524528039822401,-1.3313010237564857,0,0,0.26917599908681505,0.317817685580497,0.0,0.0,0.0,HIC,High income,East Asia & Pacific
MOZ,-1.4283333333333335,-1.0503333333333333,6.424163604240572,104.96706751821937,-0.7921129555555547,15.526833955423134,4145709213.3333335,0.1748502217035759,-1.4307237355005986,-0.974587742639286,-1.6377653061765538,0.2836927503228998,-0.8495090491647259,1.396104227683707,-0.2938285974137899,0,0,0.26917599908681505,0.317817685580497,0.022824855444258576,0.09466617304702413,0.17894743934312382,LIC,Low income,Sub-Saharan Africa
MRT,-1.8356666666666666,-1.3666666666666665,7.3478784949819955,76.43834278385206,-0.8597651722222218,7.77783438825858,1965558304.3333333,0.3258011523220124,-1.8411629621640924,-1.3347882722740565,-0.9881838909774555,-0.2251141988357207,-0.9241539209122677,0.3737278953763184,0.6018375717312187,1,1,0.26917599908681505,0.317817685580497,0.015467106930191701,0.3061027714564193,0.2853146925760281,LMC,Lower middle income,Sub-Saharan Africa
MSR,1.036,-0.27899999999999997,,,,,7175193.0,0.3056017553812447,1.0523999983154495,-0.09629056079011884,,,,,0.4819846075735591,1,0,0.26917599908681505,0.317817685580497,0.2172100543088995,0.0010513725467902128,0.014484755151465302,,,
MUS,0.028666666666666663,-0.24333333333333332,9.210076045310117,128.803045988869,0.8596222888888888,0.019499436807311435,2244864535.333333,0.1759862562618941,0.0373858060265143,-0.055677856184301704,0.32136403582007195,0.7088050397359572,0.9729525279619522,-0.6498801154032403,-0.2870879452250518,0,0,0.26917599908681505,0.317817685580497,0.12392470090754514,0.008932438924382141,0.18264165005950295,UMC,Upper middle income,Sub-Saharan Africa
MWI,-1.1486666666666665,-1.1159999999999999,6.293173358863508,45.3003137160008,-0.4678303666666663,8.958905540596055,831204837.6666666,0.1557600564740523,-1.1489246265229622,-1.049360666072426,-1.7298812066802403,-0.7804578295217494,-0.4917080272582494,0.5295543581932064,-0.40709994386671666,0,0,0.26917599908681505,0.317817685580497,0.06682335506647784,0.03429537028700863,0.16201212014972535,LIC,Low income,Sub-Saharan Africa
MYS,0.9499999999999998,1.0716666666666665,9.20476976827552,130.47475194763868,0.22739791111111107,6.002439080622634,230536777019.66663,0.299873231266093,0.9657442532424693,1.4416784024133493,0.31763251759933026,0.7386197481286964,0.2753802986968666,0.13948834906017882,0.447994454428746,1,0,0.26917599908681505,0.317817685580497,0.12656332720152957,0.1738677753934572,0.2271458359187906,UMC,Upper middle income,East Asia & Pacific
NAM,-0.35966666666666663,-0.7516666666666666,8.440646068246666,90.80829528288446,0.3668519333333333,2.611619609057563,3699279441.6666665,0.0782157849933335,-0.35390854672550726,-0.6345037863139387,-0.21972003504113724,0.031172465172750928,0.42924854006944346,-0.30788470146170643,-0.8672082737175374,0,0,0.26917599908681505,0.317817685580497,0.02685086289097822,0.05133502745297019,0.05343083972118245,LMC,Lower middle income,Sub-Saharan Africa
NCL,-0.39999999999999997,-0.983,10.337174767513403,59.001531621466,,0.014457953718048066,1224184486.6666667,0.19753179089752218,-0.394549419414773,-0.8979170292712948,1.1139704887162127,-0.5360979800315538,,-0.6505452713302109,-0.15924768355715077,0,0,0.26917599908681505,0.317817685580497,0.035144903588235125,0.3813889625997335,0.04149818022423645,HIC,High income,East Asia & Pacific
NER,-0.8786666666666667,-1.032,6.202646860577212,40.09555044425093,-0.6006688111111109,9.601934671194194,803165097.6666666,0.142255895875101,-0.876865891991514,-0.953712053355922,-1.7935419005363624,-0.8732842613391414,-0.638276892807101,0.6143934085002244,-0.4872267754246826,0,0,0.26917599908681505,0.317817685580497,0.007720473044159361,0.11993500348511897,0.1018884545296827,LIC,Low income,Sub-Saharan Africa
NFK,0.9996666666666667,-0.45133333333333336,,,,,2302390.333333333,0.064192692338763,1.01578962539702,-0.2925220400537401,,,,,-0.9504141845789486,0,0,0.26917599908681505,0.317817685580497,0.1930666991284561,0.0,0.045377897750389105,,,
NGA,-2.024,-1.281,7.824988262838306,,-0.9994593499999981,5.67227263304098,40231930063.0,0.2492748059686161,-2.0309323263743004,-1.2372418696227014,-0.6526673356898649,,-1.078287140751583,0.09592732433644074,0.1477690926817816,0,0,0.26917599908681505,0.317817685580497,0.09367741883500498,0.024546187865443662,0.3278210805669437,LMC,Lower middle income,Sub-Saharan Africa
NIC,-1.1953333333333334,-1.0473333333333332,7.668888116473055,96.12949294745431,-0.6838640555555546,2.64044463303925,4768733202.666667,0.4300883979382974,-1.1959471238493855,-0.9711717207565536,-0.7624412009864796,0.12607549272792942,-0.730071347705142,-0.3040816270078188,1.2206251299737665,1,1,0.26917599908681505,0.317817685580497,0.5601514027624285,0.004515588764958715,0.10214018295444038,LMC,Lower middle income,Latin America & Caribbean
NIU,1.2233333333333334,-0.3203333333333333,,,,,15583040.0,0.0201994163594507,1.2411617375829485,-0.1433557511744303,,,,,-1.2114479443782222,0,0,0.26917599908681505,0.317817685580497,0.19812108738382875,0.0,0.0,,,
NLD,1.0216666666666667,1.9666666666666668,10.751500070700745,156.979133811102,1.707127038888889,0.32579351998759937,419531897178.0,0.1273313927731763,1.0379573741366195,2.4607915974284804,1.4053353021395454,1.2113227448749309,1.908056896838488,-0.6094687282744756,-0.5757811981429025,0,0,0.26917599908681505,0.317817685580497,0.042245317646503446,0.024099312811408164,0.09938817954190658,HIC,High income,Europe & Central Asia
NOR,1.0006666666666666,0.18299999999999997,11.22997392034422,69.552493566531,1.835295577777778,4.78846557980285,88982156941.0,0.0919430282066151,1.016797250339729,0.4297768091506528,1.7418111168118606,-0.34792263017127256,2.049473166974463,-0.020679136371832604,-0.7857577832078746,0,0,0.26917599908681505,0.317817685580497,0.04489722540551453,0.0312687594294668,0.052662380350509956,HIC,High income,Europe & Central Asia
NPL,-0.13266666666666668,0.147,6.802566638981979,44.47454237891747,-0.6880452611111103,0.8897908910379005,718445413.0,0.1420065702066819,-0.12517768473054877,0.3887845465578654,-1.3716620081928423,-0.7951853786371103,-0.7346847302049699,-0.535056856309898,-0.48870614733307416,0,0,0.26917599908681505,0.317817685580497,0.10594231719156867,0.03318377282637492,0.1353522033161049,LMC,Lower middle income,South Asia
NRU,1.0996666666666666,-0.2336666666666667,8.943237625029324,170.73940641619467,0.31879915555555555,0.0,22269621.33333333,0.0346009147918715,1.1165521196679267,-0.04467067456216439,0.13371600674438736,1.4567358290200472,0.37622894054902395,-0.6524528039822401,-1.1259967657861587,0,0,0.26917599908681505,0.317817685580497,0.04045489080395665,0.004382134203095584,0.018353370618805463,HIC,High income,East Asia & Pacific
NZL,0.488,0.18799999999999997,10.57656978532829,53.8002921967421,1.8666628777777776,1.3084296618738733,33081688176.666668,0.2923339994030443,0.5002215297108797,0.4354701789552066,1.282319571341686,-0.6288615643900678,2.084082647652725,-0.47982309776091314,0.4032604809884518,1,0,0.26917599908681505,0.317817685580497,0.10564286588570328,0.18873049024012264,0.1779287484873542,HIC,High income,East Asia & Pacific
OMN,-0.26066666666666666,-0.9016666666666667,9.832914398541725,89.39833080180681,0.15299266666666658,20.1688289682729,26994713051.0,0.2830530311172508,-0.2541536773973095,-0.805304880450553,0.7593608928456443,0.00602588982741426,0.1932843940457993,2.008553072814189,0.3481919280723712,1,0,0.26917599908681505,0.317817685580497,0.032674387030736884,0.383308675530037,0.07988146818471403,HIC,High income,"Middle East, North Africa, Afghanistan & Pakistan"
PAK,-0.4746666666666666,0.314,7.273687258776735,25.62059968920867,-1.0340834777777774,1.0991219538501333,21434103720.33333,0.3377587509317876,-0.46978541513705013,0.5789430980299626,-1.0403571845907058,-1.1314435587304503,-1.1164900807982798,-0.5074384363602,0.6727878897922783,1,1,0.26917599908681505,0.317817685580497,0.140979441319425,0.09456762263335695,0.33665473704917837,LMC,Lower middle income,"Middle East, North Africa, Afghanistan & Pakistan"
PAN,0.777,0.858,9.583884742139672,88.34088881462735,0.17491743888888903,0.13132380220146433,7453591076.333333,0.3241275270260941,0.7914251381538007,1.1983817327654165,0.5842364705227029,-0.012833482136060288,0.21747535025179474,-0.6351263935113564,0.591907129095072,1,1,0.26917599908681505,0.317817685580497,0.05990011076932952,0.014665045690738225,0.19338657961761996,HIC,High income,Latin America & Caribbean
PCN,0.30833333333333335,-0.7043333333333334,,,,,1809811.6666666667,0.0068246710721609,0.31918491500415047,-0.5806065521641628,,,,,-1.2908068911941089,0,0,0.26917599908681505,0.317817685580497,0.00859482408280084,0.0,0.0,,,
PER,-0.6353333333333334,0.11533333333333334,8.757744559479796,46.0217200825091,-0.1287789111111108,4.73766034886144,36583677765.66666,0.4102288346240233,-0.6316771559323073,0.35272653779569135,0.0032722418587013834,-0.7675916192069042,-0.11761160200051678,-0.027382203680289603,1.1027885659876142,1,1,0.26917599908681505,0.317817685580497,0.16569312461394062,0.22502444257748655,0.18847016736701108,UMC,Upper middle income,Latin America & Caribbean
PHL,0.6463333333333333,0.45999999999999996,8.030993371200307,63.02867587112306,-0.32409624444444424,0.7947806264454744,67239506828.0,0.3478323556674367,0.6597621456398156,0.7451894963229337,-0.5077989448375501,-0.4642742655624207,-0.3331172870333318,-0.5475921836129427,0.7325595448996359,1,1,0.26917599908681505,0.317817685580497,0.13088623392406526,0.21203277646047944,0.27147633759051265,LMC,Lower middle income,East Asia & Pacific
PLW,-0.18333333333333335,-0.7546666666666667,9.687303802807056,122.08583654731733,0.6658357222222223,0.0,18412241.33333333,0.318465684814151,-0.17623068182780824,-0.637919808196671,0.6569635646295864,0.589004281915957,0.7591358323982001,-0.6524528039822401,0.5583126325027125,1,1,0.26917599908681505,0.317817685580497,0.041233383075839125,0.0005178261569530061,0.15780089795596472,HIC,High income,East Asia & Pacific
PNG,-2.6053333333333337,-1.316,7.840643356458986,,-0.6195833333333333,14.372975551425833,7745429350.333333,0.2036661793538015,-2.616698293069173,-1.2770954582545784,-0.6416582483934231,,-0.6591464541460934,1.2438681212217118,-0.12284933751070384,0,0,0.26917599908681505,0.317817685580497,0.010770242420318333,0.18824376169546145,0.17783477065641903,LMC,Lower middle income,East Asia & Pacific
POL,1.1103333333333334,1.0979999999999999,9.48132523866301,96.56240844217882,0.7841199333333333,2.1262304864307233,192272354086.66663,0.0796022108260204,1.1273001190568237,1.4716634833839992,0.5121138403927351,0.1337964972300663,0.8896461128174123,-0.3719252716839491,-0.8589819268558198,0,0,0.26917599908681505,0.317817685580497,0.026744123719208146,0.011854333178949766,0.09840041259103081,HIC,High income,Europe & Central Asia
PRK,0.27566666666666667,-0.16066666666666665,,,-1.5566344555555531,,2746229350.333333,0.8464649054996305,0.2862691668756543,0.038452524584321225,,,-1.6930528697156322,,3.6911918891288655,1,1,0.26917599908681505,0.317817685580497,0.0,0.8394996301240814,0.8529759513163401,LIC,Low income,East Asia & Pacific
PRT,0.7143333333333333,2.0643333333333334,9.89050189906889,81.65493813933277,1.0365123333333335,0.16990632370833333,53058438338.66666,0.0647037706920464,0.7282806417440323,2.5720020876107648,0.7998579882861974,-0.13207674298969332,1.168126246304846,-0.6300359484174489,-0.9473817051570406,0,0,0.26917599908681505,0.317817685580497,0.05240503135197285,0.023615304956928717,0.04025963662073811,HIC,High income,Europe & Central Asia
PRY,-0.6653333333333333,-1.0713333333333332,8.70830683273651,68.5848383873345,-0.38989204999999977,1.7592663019524066,7848693898.0,0.2061909555713146,-0.6619059042135793,-0.9984998958184119,-0.0314937111685952,-0.36518066340440186,-0.4057138656705029,-0.4203412631630136,-0.10786859752173032,0,0,0.26917599908681505,0.317817685580497,0.01595751730821288,0.0033263498590628687,0.14856457236705536,UMC,Upper middle income,Latin America & Caribbean
PSE,0.102,0.5973333333333333,8.132922098111019,68.21738103068816,-0.6670963999999991,0.0,952961897.0,0.020167996826542,0.11127830182517932,0.9015673869546782,-0.4361198939315305,-0.371734228568003,-0.711570557041943,-0.6524528039822401,-1.211634371931609,0,0,0.26917599908681505,0.317817685580497,0.006857892140445277,0.00024905069075450205,0.0229079738364979,LMC,Lower middle income,"Middle East, North Africa, Afghanistan & Pakistan"
PYF,0.065,-0.6723333333333333,9.885903422458735,54.60821802734356,,0.005251684625544533,204670207.0,0.1416528789355282,0.0739961789449438,-0.5441689854150183,0.7966242145599916,-0.6144522880960046,,-0.6517599147880466,-0.4908047717310583,0,0,0.26917599908681505,0.317817685580497,0.17689035065622005,0.01911673912148617,0.05133894048370524,HIC,High income,East Asia & Pacific
QAT,-0.16,-1.0963333333333334,11.110954383607412,91.58328485289233,0.509778088888889,17.981524860240736,62862153132.0,0.1318596270630107,-0.15271943316459663,-1.026966744841181,1.6581133439549338,0.04499432655691711,0.5869478007363924,1.7199676970856062,-0.5489129553122639,0,0,0.26917599908681505,0.317817685580497,0.01625915903947643,0.08113736044965081,0.06555040236575085,HIC,High income,"Middle East, North Africa, Afghanistan & Pakistan"
ROU,0.9596666666666667,0.8563333333333333,9.153229201395199,85.523056519728,0.2434019666666667,0.849965647844715,63485939556.66666,0.0503616057609125,0.9754846276886572,1.1964839428305654,0.2813877902382607,-0.06308923897615543,0.29303856228741615,-0.5403112618258862,-1.0324808288821223,0,0,0.26917599908681505,0.317817685580497,0.025912923189256972,0.01480119841728521,0.047738378771999566,HIC,High income,Europe & Central Asia
RUS,0.7553333333333333,0.049666666666666665,9.14010358505608,47.58466449614313,-0.6624500722222219,9.22377403145384,309084626087.0,0.19439540864933522,0.7695932643951041,0.27795361436255134,0.2721575001104468,-0.7397166620817562,-0.7064439764484632,0.5645001952499584,-0.1778573831575382,0,0,0.26917599908681505,0.317817685580497,0.04333193691085249,0.11410268814717889,0.21682823042543212,HIC,High income,Europe & Central Asia
RWA,-0.7643333333333334,-0.5446666666666667,6.626361863623568,49.45405004687493,-0.0123990555555554,5.930563298787237,542577934.6666666,0.1243305572059462,-0.7616607735417772,-0.3987982764054112,-1.4955739949859579,-0.7063763579593206,0.010797485239666805,0.1300053057876022,-0.593586632569332,0,0,0.26917599908681505,0.317817685580497,0.05953506247763916,0.05510162081733622,0.09308813249921792,LIC,Low income,Sub-Saharan Africa
SAU,0.559,-0.47833333333333333,10.044290585599759,61.5196372996395,-0.3381010999999987,23.3589520925225,153622016706.33334,0.2544060684872942,0.5717629006432237,-0.3232662369983306,0.9080063722081542,-0.4911878173902137,-0.3485697097076399,2.429446938029969,0.17821539880359663,0,0,0.26917599908681505,0.317817685580497,0.10343301266517875,0.13452134525313955,0.14212678973217538,HIC,High income,"Middle East, North Africa, Afghanistan & Pakistan"
SDN,-2.107666666666667,-1.2830000000000001,7.157507212423931,17.163777524903466,-1.5825413777777755,2.7321641277214064,3703067604.0,0.2435731990907131,-2.1152369465809593,-1.2395192175445233,-1.1220581506400638,-1.2822701352795813,-1.7216375781248119,-0.29198047256053034,0.1139386527541824,0,0,0.26917599908681505,0.317817685580497,0.0030440995361984114,0.17067484233125044,0.26720696696411483,LIC,Low income,Sub-Saharan Africa
SEN,-0.7326666666666667,-0.19699999999999998,7.1403901231092775,56.64126224232577,-0.06700176111111089,3.5570284156583436,2756790683.333333,0.2202099279220228,-0.7297526503559899,-0.0029192959954364287,-1.134095353041529,-0.5781931480832176,-0.04944905440212164,-0.18315071743629657,-0.024687134451140704,0,0,0.26917599908681505,0.317817685580497,0.02321029175461219,0.04409336255972953,0.24679935533350272,LMC,Lower middle income,Sub-Saharan Africa
SGP,1.5816666666666668,0.8403333333333333,10.956939207814736,316.368488091468,1.600673738888889,0.0213993394981874,257053923338.0,0.232895088167559,1.602227342053698,1.178265159455993,1.5498056866287186,4.05401591938125,1.7906003918320856,-0.6496294487813103,0.050580164899462314,0,0,0.26917599908681505,0.317817685580497,0.07320397663676582,0.11979154593420595,0.1679901970559636,HIC,High income,East Asia & Pacific
SGS,-0.3393333333333333,-0.8946666666666667,,,,,1904175.0,0.0,-0.33342017289042286,-0.7973341627241776,,,,,-1.3313010237564857,0,0,0.26917599908681505,0.317817685580497,0.0,0.0,0.0,,,
SHN,1.1716666666666666,-0.32966666666666666,,,,,25322877.666666668,0.17267286499246012,1.1891011155429798,-0.15398337480959745,,,,,-0.30674792647203053,0,0,0.26917599908681505,0.317817685580497,0.48101659135424407,0.0,0.0,,,
SLB,-1.6033333333333333,-1.0523333333333333,7.634481108529766,85.311941296905,-0.3316164111111109,17.96208135808263,593355461.3333334,0.4692499130004501,-1.6070581004746856,-0.9768650905611075,-0.786637144060028,-0.066854457836994,-0.34141475168433194,1.7174023883317062,1.4529896740672024,1,1,0.26917599908681505,0.317817685580497,0.004758618936386862,0.6213522966063174,0.2153523077401495,LMC,Lower middle income,East Asia & Pacific
SLE,-0.239,-0.5606666666666666,6.900155214673235,40.3569955851957,-0.6763516666666664,13.3937184834723,612768179.0,0.317169686346843,-0.23232180363861304,-0.41701705977998327,-1.3030350695777155,-0.8686214134279551,-0.7217824647570537,1.1146683140927047,0.5506228357079799,1,0,0.26917599908681505,0.317817685580497,0.049363351633083474,0.31279910092576585,0.22544491345485285,LIC,Low income,Sub-Saharan Africa
SLV,0.09233333333333334,0.043333333333333335,8.261808725174363,74.56133843395097,-0.3238168277777776,0.9203390689541684,5583776543.666667,0.4566024428652684,0.10153792737899167,0.2707420126101165,-0.34548331499661056,-0.25859038347849767,-0.3328089893562546,-0.5310264348566504,1.3779460086923394,1,1,0.26917599908681505,0.317817685580497,0.4609426444070544,0.010112315109532076,0.0903608260340168,UMC,Upper middle income,Latin America & Caribbean
SMR,1.164,0.7066666666666667,10.677339267645067,318.453475417429,1.2842536833333333,0.0,117683383.66666669,0.0453955967562662,1.1813759909822101,1.0260624066809214,1.3531834099441709,4.091201459577467,1.4414745888791747,-0.6524528039822401,-1.0619466045676942,0,0,0.26917599908681505,0.317817685580497,0.048485762944562534,0.031493247690912794,0.01710682292408578,HIC,High income,Europe & Central Asia
SOM,-1.899,-1.1849999999999998,6.151929776997572,73.17218129447762,-1.999716494444442,19.039632479203068,471224552.6666667,0.1447401441562196,-1.904979208535667,-1.1279291693752682,-1.8292075320603818,-0.2833658619696859,-2.18193266695066,1.859570774526098,-0.47248650763011757,0,0,0.26917599908681505,0.317817685580497,0.0017476572399273821,0.026639909894830043,0.14614931074021997,LIC,Low income,Sub-Saharan Africa
SPM,0.3913333333333333,-0.5326666666666667,,,,,3715981.3333333335,0.0078504810818041,0.40281778524900314,-0.38513418887448203,,,,,-1.284720255504991,0,0,0.26917599908681505,0.317817685580497,0.04654370005646494,0.001971892230717119,0.001042278752309147,,,
SRB,0.6446666666666667,1.0766666666666667,8.701707732894961,97.98642899214603,-0.0183648666666666,1.3237926648107468,14626802933.666666,0.0326093677813873,0.6580827707353005,1.4473717722179031,-0.036134377522552275,0.15919376115666453,0.004215037136700702,-0.4777961560299594,-1.1378135944353405,0,0,0.26917599908681505,0.317817685580497,0.016877962144820232,0.009112152854330669,0.0295446439175104,UMC,Upper middle income,Europe & Central Asia
SSD,-2.839,-1.077,6.984852594395143,65.5513491845003,-1.905695772222219,13.0532234224485,1387183215.3333333,0.7015507161638658,-2.8521466546821914,-1.0049523815969061,-1.2434735703154784,-0.41928263960456297,-2.0781937933751102,1.0697445676605353,2.8313446772875213,1,1,0.26917599908681505,0.317817685580497,0.00015933853018606492,0.974712706700552,0.1203891010749273,LIC,Low income,Sub-Saharan Africa
STP,0.57,-0.44799999999999995,7.199206392477753,,-0.24806396666666639,3.28019583288073,14545742.333333334,0.05976673524603201,0.5828467750130234,-0.28872646018403747,-1.0927341539572106,,-0.249226175950315,-0.2196750556028195,-0.9766755664585139,0,0,0.26917599908681505,0.317817685580497,0.04377416633546494,0.004159865067398987,0.046772001538552044,LMC,Lower middle income,Sub-Saharan Africa
SUR,-0.6713333333333334,-0.884,9.04530666649035,,-0.1314450611111109,13.324076424854624,1630679496.3333333,0.218369969781251,-0.6679516538698338,-0.7851883071411295,0.20549373065555046,,-0.12055333007116212,1.1054799805734234,-0.035604511724540294,0,0,0.26917599908681505,0.317817685580497,0.05151821864663574,0.01829888419145029,0.12557997387312142,UMC,Upper middle income,Latin America & Caribbean
SVK,1.207,0.6083333333333333,9.728530099304662,182.94269663026,0.6079475611111111,0.285937152819797,69667230295.33333,0.0591603711726825,1.2247038635187002,0.9140928005246964,0.6859550167440337,1.67438028811625,0.695264246591479,-0.6147272401805518,-0.9802734229570401,0,0,0.26917599908681505,0.317817685580497,0.030443295624182642,0.02742783435581661,0.05433316463906065,HIC,High income,Europe & Central Asia
SVN,1.3713333333333333,1.0653333333333332,9.97379731009656,151.386317213187,0.8637737944444445,0.264546979477359,27578207558.666668,0.061815058263014,1.3902902291038903,1.4344668006609145,0.8584335850609924,1.1115754208397706,0.9775331406162356,-0.6175493860304404,-0.964521857817729,0,0,0.26917599908681505,0.317817685580497,0.021906195319384633,0.011656707027362162,0.07577470427783489,HIC,High income,Europe & Central Asia
SWE,1.4400000000000002,1.0083333333333333,10.850672093905422,84.56477777576136,1.7187295111111112,0.7522168742633587,132465027441.33331,0.09606965448541831,1.4594804751699133,1.369562384889001,1.4750757640798575,-0.08018004442578909,1.9208586215070145,-0.5532078985795026,-0.7612724783774494,0,0,0.26917599908681505,0.317817685580497,0.07367018284219079,0.04188062428783703,0.0487958058632591,HIC,High income,Europe & Central Asia
SWZ,0.35333333333333333,-0.48533333333333334,8.161851942828541,88.1669079588865,-0.5222529555555547,4.01717308186145,1829275883.0,0.0242218212022027,0.3645280374260586,-0.33123695472470593,-0.41577564089257096,-0.015936413278119684,-0.5517558330499823,-0.1224408139079784,-1.1875810366254984,0,0,0.26917599908681505,0.317817685580497,0.009574466444485237,0.000680102332258784,0.023824348010225566,LMC,Lower middle income,Sub-Saharan Africa
SXM,0.8593333333333334,0.3503333333333334,10.501271506906553,,,0.0,97755927.0,0.7599847907541214,0.8743862584368473,0.6203149186097203,1.229367775555447,,,-0.6524528039822401,3.178062802981512,1,1,0.26917599908681505,0.317817685580497,0.602340230810806,0.0,0.0,HIC,High income,Latin America & Caribbean
SYC,0.4363333333333333,-0.626,9.723433541254318,188.59447909216235,0.5203956611111111,0.10527334825151158,1178914258.6666667,0.0396879015487962,0.44816090767091127,-0.491410425226153,0.6823709786126041,1.775179262431584,0.5986628243653008,-0.6385634007447999,-1.0958131695512796,0,0,0.26917599908681505,0.317817685580497,0.009727517869207563,0.0002639026606155415,0.042371186135940736,HIC,High income,Sub-Saharan Africa
SYR,-0.5533333333333333,0.11633333333333333,6.703444435086102,59.74966550929761,-1.8008841444444423,3.300064173833073,772980129.0,0.1551693349810682,-0.5490519106301637,0.35386521175660207,-1.4413674358412543,-0.5227550870500383,-1.962548646791495,-0.2170536950806222,-0.4106049852366841,0,0,0.26917599908681505,0.317817685580497,0.007436578622806078,0.0028019769036346973,0.17371853850559715,LIC,Low income,"Middle East, North Africa, Afghanistan & Pakistan"
TCA,0.4816666666666667,0.015666666666666662,10.479051216029157,,,0.004613774806742933,38512516.66666666,0.8074607696225772,0.4938399050737224,0.23923869969158543,1.213741863124081,,,-0.6518440784139748,3.459761153202386,1,1,0.26917599908681505,0.317817685580497,0.25353342502196535,0.0,0.003748044322534882,HIC,High income,Latin America & Caribbean
TCD,-2.105,-1.0956666666666666,6.836280414661277,45.253191508796334,-1.2793361833333305,13.988627390087833,1456398808.0,0.47921077399144113,-2.112549946733735,-1.0262076288672404,-1.3479535648874783,-0.7812982493690636,-1.3870925481517529,1.1931585476681263,1.512092365045228,1,1,0.26917599908681505,0.317817685580497,0.5097784880494226,0.10313315962834514,0.15666359111051645,LIC,Low income,Sub-Saharan Africa
TGO,-1.0153333333333332,-0.9153333333333333,6.637007262548462,64.59401303817296,-0.7590583055555546,9.836152215098304,1937207409.6666667,0.24713822593980886,-1.014574634161753,-0.8208667579163332,-1.488087861149314,-0.43635663391967844,-0.8130378109484389,0.6452952651106448,0.13509171174988968,0,0,0.26917599908681505,0.317817685580497,0.005718987827846359,0.05453663484635337,0.25198991752417055,LIC,Low income,Sub-Saharan Africa
THA,0.9329999999999999,1.4000000000000001,8.67800473406029,122.10210562509799,-0.40550611666666586,1.7054315635311632,224837539566.33334,0.2550017702161345,0.9486146292164153,1.8155430195790494,-0.05280297048539854,0.5892944392892108,-0.42294183041751926,-0.4274440332613707,0.1817499903641624,0,0,0.26917599908681505,0.317817685580497,0.1095907915896016,0.135964730598553,0.20297287349555593,UMC,Upper middle income,East Asia & Pacific
TJK,-1.0916666666666666,-1.1523333333333332,6.9059902637732735,53.14952178849651,-0.9955577499999976,3.5401360172456697,924907665.3333334,0.3656692750711932,-1.0914900047885454,-1.0907324866521835,-1.298931704469985,-0.6404679894618225,-1.073982264341617,-0.18537944234243875,0.8383947670228682,1,1,0.26917599908681505,0.317817685580497,0.011784326715543051,0.04752491399542807,0.43664366765240836,LMC,Lower middle income,Europe & Central Asia
TKL,0.4426666666666667,0.006666666666666672,,,,,33006285.0,0.1004073432313284,0.4545425323080688,0.2289906340433886,,,,,-0.7355348360450993,0,0,0.26917599908681505,0.317817685580497,0.07251266967118256,0.0,0.0,,,
TKM,-1.6576666666666666,-1.3126666666666666,8.696785296395584,65.64045732323586,-1.2387685111111095,12.722204162644204,7250865334.0,0.4654905876623255,-1.6618057223618783,-1.2732998783848757,-0.03959596864719779,-0.41769340487229223,-1.3423317281915697,1.026071025827359,1.430683746502708,1,1,0.26917599908681505,0.317817685580497,0.0032472167014856498,0.7317111554282213,0.08706019190673651,UMC,Upper middle income,Europe & Central Asia
TLS,-1.0263333333333333,-0.9283333333333333,7.175078460145443,59.67410014733216,-0.6234673722222214,56.28569399863104,136010813.0,0.2003800125519782,-1.025658508531553,-0.8356695194081732,-1.1097015717041194,-0.5241027877146035,-0.6634319542968425,6.7736879375319345,-0.14234778259151265,0,0,0.26917599908681505,0.317817685580497,0.056146581524879835,0.008611042314710606,0.22424018428086268,LMC,Lower middle income,East Asia & Pacific
TON,-0.8969999999999999,-0.7919999999999999,8.381791978186133,85.73696746035364,0.07611711666666686,0.047205195770138535,11876579.0,0.2384637997925895,-0.8953390159411801,-0.6804303027373394,-0.2611078306639734,-0.05927415876823195,0.10846284860338581,-0.6462247129236436,0.0836220718809564,0,0,0.26917599908681505,0.317817685580497,0.2858265483035699,0.01228334304467526,0.15267003594502618,UMC,Upper middle income,East Asia & Pacific
TTO,-0.1426666666666667,-0.995,9.826186600673589,,0.10080296111111113,5.80632506943396,9521339423.333334,0.4025416838909625,-0.13525393415763948,-0.911581116802224,0.7546297225417323,,0.13570026643426686,0.11361374141111266,1.0571769170861274,1,1,0.26917599908681505,0.317817685580497,0.3953857516000256,0.01228604857593236,0.0632929763191715,HIC,High income,Latin America & Caribbean
TUN,0.36933333333333335,0.8886666666666666,8.301757786906263,90.05013100211073,-0.17241256111111092,2.4612341191155567,12890865444.0,0.073714201046863,0.3806500365094037,1.2333010675666798,-0.3173900490811347,0.017650681137419952,-0.16575530472906164,-0.3277260454063696,-0.8939183869437454,0,0,0.26917599908681505,0.317817685580497,0.02966324859114571,0.009841068563834552,0.06762595286346536,LMC,Lower middle income,"Middle East, North Africa, Afghanistan & Pakistan"
TUR,0.5936666666666667,2.371333333333333,9.345131818044015,52.29358919451303,-0.4020291666666655,0.3401646982890863,149341901964.66666,0.1166583931608438,0.6066938986571381,2.921574993610368,0.41633892565093356,-0.6557334615740591,-0.4191054965971299,-0.6075726444722428,-0.6391093580747398,0,0,0.26917599908681505,0.317817685580497,0.047941992779563826,0.017121943400617307,0.10752960948399602,UMC,Upper middle income,Europe & Central Asia
TUV,0.715,-0.7476666666666668,8.167696283761451,,0.18959633888888897,0.0,24548262.0,0.1348537815935257,0.7289523917058384,-0.6299490904702959,-0.41166574151543894,,0.23367148781952132,-0.6524528039822401,-0.5311471627650597,0,0,0.26917599908681505,0.317817685580497,0.00896686550866461,0.008733140778848071,0.15553919547920156,UMC,Upper middle income,East Asia & Pacific
TWN,1.7603333333333333,1.7803333333333333,,,,,332286821484.0,0.39162103962431444,1.782256331817718,2.248618682712109,,,,,0.9923793595299673,1,1,0.26917599908681505,0.317817685580497,0.1020358796448138,0.34718408895350267,0.1880524350607139,,,
TZA,-1.1276666666666666,0.14733333333333334,6.877240366854714,36.43024775446913,-0.4269911833333329,5.3513815989031235,4558971676.0,0.2709154464616526,-1.1277645027260719,0.38916410454483574,-1.3191494133262276,-0.938654567817796,-0.4466476323090178,0.05359006573826639,0.27617366421262474,1,0,0.26917599908681505,0.317817685580497,0.022910964870228423,0.07059121559441377,0.33184094552805043,LMC,Lower middle income,Sub-Saharan Africa
UGA,-0.6733333333333333,0.234,6.767970205580018,35.24523776301927,-0.6528392333333333,11.886307886642433,2232278882.6666665,0.1546293208401251,-0.6699669037552519,0.4878491811571017,-1.3959911603969917,-0.9597891023645067,-0.6958397439252022,0.9157857481678582,-0.41380915492892156,0,0,0.26917599908681505,0.317817685580497,0.02414587031711975,0.01972577315906635,0.1987548439563919,LIC,Low income,Sub-Saharan Africa
UKR,0.6646666666666666,0.432,7.675785289548013,105.78760137422567,-0.7477719444444443,2.650917806205403,39861630463.333336,0.105053610365387,0.6782352695894819,0.7133066254174324,-0.7575909214339778,0.2983268894876621,-0.8005848712053666,-0.3026998325869489,-0.7079662462541175,0,0,0.26917599908681505,0.317817685580497,0.017044402048666956,0.056282611045957574,0.10490226330555931,UMC,Upper middle income,Europe & Central Asia
URY,0.2313333333333333,-0.4326666666666667,9.762141759702788,46.72560113028907,0.9698668555555555,1.8077515652847935,7920417947.0,0.294215108581718,0.24159779441555218,-0.2712667927834059,0.709591649808465,-0.7550379711968316,1.0945921717927396,-0.4139442843960033,0.41442202762419306,1,0,0.26917599908681505,0.317817685580497,0.06046381115739352,0.22987311129110302,0.176975281404705,HIC,High income,Latin America & Caribbean
USA,1.312,0.8306666666666667,10.955852173174046,27.248182622322066,1.2005157111111109,0.3217478416263253,1447412232628.6667,0.1488131017530193,1.3305044825031525,1.1672579778338559,1.549041254326774,-1.1024157800824108,1.3490813088817917,-0.6100025011530059,-0.4483196455056513,0,0,0.26917599908681505,0.317817685580497,0.0,0.08223979778756739,0.19555246694427844,HIC,High income,North America
UZB,-0.5856666666666667,-0.4956666666666667,7.974118324327904,34.16933221967827,-1.0035984555555533,8.667416745917656,6744636472.0,0.21023380881846757,-0.5816317837777568,-0.3430032523207838,-0.5477950235055429,-0.9789777700034327,-1.0828540717195105,0.4910963298723907,-0.08388035932102653,0,0,0.26917599908681505,0.317817685580497,0.0022775940670661083,0.176578216103677,0.2116583307624429,LMC,Lower middle income,Europe & Central Asia
VAT,0.47433333333333333,-0.2876666666666667,,,,,11378440.666666666,0.0339550233794772,0.4864506554938559,-0.10615906845134548,,,,,-1.1298291574425252,0,0,0.26917599908681505,0.317817685580497,0.11819339202243195,0.001360201073904595,0.0025833020861002805,,,
VCT,0.09100000000000001,-0.5173333333333333,8.941166765718144,,0.5779304888888889,0.0350106204292576,239735387.66666663,0.2091946500908044,0.1001944274553796,-0.36767452147385027,0.13225972219650597,,0.6621445556683514,-0.6478336232227079,-0.09004619952437265,0,0,0.26917599908681505,0.317817685580497,0.01215779491937029,0.0006120203775127168,0.09250221384146111,UMC,Upper middle income,Latin America & Caribbean
VEN,-0.755,-1.216,8.136157571830168,48.05966638044504,-1.5340766611111085,,27692229187.0,0.5440246634042492,-0.7522562740764924,-1.163228062163502,-0.43384462088094927,-0.7312450510354656,-1.668163460969287,,1.8966650722151954,1,1,0.26917599908681505,0.317817685580497,0.38720058076426705,0.18859907673023446,0.16771639448641606,,,Latin America & Caribbean
VGB,0.8263333333333334,-0.42933333333333334,,,,,605320355.6666666,0.1987175940815553,0.841134635327448,-0.26747121291370335,,,,,-0.1522117296160151,0,0,0.26917599908681505,0.317817685580497,0.026202739558042493,3.842960302475592e-05,0.07092957593818129,HIC,High income,Latin America & Caribbean
VNM,0.30466666666666664,0.9359999999999999,7.907593417057853,150.434606609075,-0.3077937611111099,3.09347023541511,193990986272.0,0.3700800714023151,0.3154902902142172,1.287198301716456,-0.5945771462618226,1.0946017575068,-0.31512974963187435,-0.24431098825840233,0.8645661926417063,1,1,0.26917599908681505,0.317817685580497,0.18233471598718085,0.19437223484380098,0.3208250319200005,LMC,Lower middle income,East Asia & Pacific
VUT,-1.9066666666666665,-1.106,7.971330213608041,106.87905821599468,0.0657441666666668,0.844736575972543,493438991.6666667,0.1083436098433735,-1.9127043330964362,-1.0379739264633185,-0.5497556987369304,0.31779291297695583,0.09701773179060347,-0.5410011675712286,-0.6884450600191958,0,0,0.26917599908681505,0.317817685580497,0.011693260119011185,0.024671807079267943,0.17571954185082606,LMC,Lower middle income,East Asia & Pacific
WSM,0.31633333333333336,-0.02266666666666668,8.362010690733708,74.61908558883643,0.6056323944444445,0.430980937073129,59945552.333333336,0.2424145640791444,0.327245914545823,0.19558953119000627,-0.275018569601496,-0.2575604687531308,0.6927097801242676,-0.5955906624993162,0.10706390095240545,0,0,0.26917599908681505,0.317817685580497,0.0720004876817072,0.011676134277890599,0.18630310824874577,UMC,Upper middle income,East Asia & Pacific
YEM,-1.8830000000000002,-1.2489999999999999,7.1038046772684185,34.806369349172094,-1.7104919388888868,1.610966549810553,1525461690.0,0.2694865004896464,-1.888857209452322,-1.200804302873557,-1.159823232848598,-0.9676162765831519,-1.862813339906919,-0.4399074220410379,0.26769502443598675,1,0,0.26917599908681505,0.317817685580497,0.009743462474872197,0.27652971663417064,0.23373453900720156,LIC,Low income,"Middle East, North Africa, Afghanistan & Pakistan"
ZAF,0.4736666666666667,1.4400000000000002,8.717857866308169,55.37462182632263,0.1230405444444444,3.4017108084173064,90405389891.0,0.2598551027774626,0.48577890553204983,1.86108997801548,-0.02477716479018535,-0.6007835530784748,0.16023636647176634,-0.20364278796198318,0.21054720125237758,0,0,0.26917599908681505,0.317817685580497,0.06570125896014174,0.20187072349855195,0.18622458993746774,UMC,Upper middle income,Sub-Saharan Africa
ZMB,-0.5943333333333333,-0.8603333333333333,7.172217087974901,75.13650822208946,-0.362106694444444,12.021301966270466,5644143868.333333,0.2310929595667461,-0.5903645332812354,-0.7582396900662414,-1.1117137663786687,-0.24833228789673426,-0.3750565656721393,0.9335964024100059,0.03988724890627273,0,0,0.26917599908681505,0.317817685580497,0.007671948434361691,0.32919168430551154,0.10631022439157711,LMC,Lower middle income,Sub-Saharan Africa
ZWE,-0.9700000000000001,-0.9729999999999999,7.24136417580661,54.332336050314005,-1.21708621111111,5.065682420095803,2177838658.0,0.1933620448450228,-0.9688956367589423,-0.8865302896621869,-1.063087654987777,-0.6193726155332545,-1.318408306573825,0.015895899408722942,-0.18398883922839307,0,0,0.26917599908681505,0.317817685580497,0.017062994057188575,0.2839420221749757,0.12117981003001362,LMC,Lower middle income,Sub-Saharan Africa
