sample,country_iso3_code,primary_structural_profile,alternative_structural_profile,reassigned_vs_primary
cleaned_primary,ABW,R2,R2,False
cleaned_primary,AFG,R1,R1,False
cleaned_primary,AGO,R1,R1,False
cleaned_primary,ALB,R1,R1,False
cleaned_primary,AND,R2,R2,False
cleaned_primary,ARE,R2,R2,False
cleaned_primary,ARG,R1,R1,False
cleaned_primary,ARM,R1,R1,False
cleaned_primary,ASM,R2,R2,False
cleaned_primary,ATG,R2,R2,False
cleaned_primary,AUS,R2,R2,False
cleaned_primary,AUT,R2,R2,False
cleaned_primary,AZE,R1,R1,False
cleaned_primary,BDI,R1,R1,False
cleaned_primary,BEL,R2,R2,False
cleaned_primary,BEN,R1,R1,False
cleaned_primary,BFA,R1,R1,False
cleaned_primary,BGD,R1,R1,False
cleaned_primary,BGR,R2,R2,False
cleaned_primary,BHR,R2,R2,False
cleaned_primary,BHS,R2,R2,False
cleaned_primary,BIH,R1,R1,False
cleaned_primary,BLR,R1,R1,False
cleaned_primary,BLZ,R2,R2,False
cleaned_primary,BMU,R2,R2,False
cleaned_primary,BOL,R1,R1,False
cleaned_primary,BRA,R1,R1,False
cleaned_primary,BRB,R2,R2,False
cleaned_primary,BRN,R2,R2,False
cleaned_primary,BTN,R2,R2,False
cleaned_primary,BWA,R2,R2,False
cleaned_primary,CAN,R2,R2,False
cleaned_primary,CHE,R2,R2,False
cleaned_primary,CHL,R2,R2,False
cleaned_primary,CIV,R1,R1,False
cleaned_primary,CMR,R1,R1,False
cleaned_primary,COD,R1,R1,False
cleaned_primary,COG,R1,R1,False
cleaned_primary,COL,R1,R1,False
cleaned_primary,COM,R1,R1,False
cleaned_primary,CPV,R2,R2,False
cleaned_primary,CRI,R2,R2,False
cleaned_primary,CUB,R1,R1,False
cleaned_primary,CUW,R2,R2,False
cleaned_primary,CYM,R2,R2,False
cleaned_primary,CYP,R2,R2,False
cleaned_primary,CZE,R2,R2,False
cleaned_primary,DEU,R2,R2,False
cleaned_primary,DJI,R2,R2,False
cleaned_primary,DMA,R2,R2,False
cleaned_primary,DNK,R2,R2,False
cleaned_primary,DOM,R1,R1,False
cleaned_primary,DZA,R1,R1,False
cleaned_primary,ECU,R1,R1,False
cleaned_primary,EGY,R1,R1,False
cleaned_primary,ESP,R2,R2,False
cleaned_primary,EST,R2,R2,False
cleaned_primary,ETH,R1,R1,False
cleaned_primary,FIN,R2,R2,False
cleaned_primary,FJI,R2,R2,False
cleaned_primary,FRA,R2,R2,False
cleaned_primary,FRO,R2,R2,False
cleaned_primary,FSM,R2,R2,False
cleaned_primary,GAB,R1,R1,False
cleaned_primary,GBR,R2,R2,False
cleaned_primary,GEO,R2,R2,False
cleaned_primary,GHA,R1,R1,False
cleaned_primary,GIN,R1,R1,False
cleaned_primary,GMB,R1,R1,False
cleaned_primary,GNB,R1,R1,False
cleaned_primary,GNQ,R1,R1,False
cleaned_primary,GRC,R2,R2,False
cleaned_primary,GRD,R2,R2,False
cleaned_primary,GRL,R2,R2,False
cleaned_primary,GTM,R1,R1,False
cleaned_primary,GUM,R2,R2,False
cleaned_primary,GUY,R2,R2,False
cleaned_primary,HKG,R2,R2,False
cleaned_primary,HND,R1,R1,False
cleaned_primary,HRV,R2,R2,False
cleaned_primary,HTI,R1,R1,False
cleaned_primary,HUN,R2,R2,False
cleaned_primary,IDN,R1,R1,False
cleaned_primary,IND,R1,R1,False
cleaned_primary,IRL,R2,R2,False
cleaned_primary,IRN,R1,R1,False
cleaned_primary,IRQ,R1,R1,False
cleaned_primary,ISL,R2,R2,False
cleaned_primary,ISR,R2,R2,False
cleaned_primary,ITA,R2,R2,False
cleaned_primary,JAM,R1,R1,False
cleaned_primary,JOR,R1,R1,False
cleaned_primary,JPN,R2,R2,False
cleaned_primary,KAZ,R1,R1,False
cleaned_primary,KEN,R1,R1,False
cleaned_primary,KGZ,R1,R1,False
cleaned_primary,KHM,R1,R1,False
cleaned_primary,KIR,R2,R2,False
cleaned_primary,KNA,R2,R2,False
cleaned_primary,KOR,R2,R2,False
cleaned_primary,KWT,R1,R1,False
cleaned_primary,LAO,R1,R1,False
cleaned_primary,LBN,R1,R1,False
cleaned_primary,LBR,R1,R1,False
cleaned_primary,LBY,R1,R1,False
cleaned_primary,LCA,R2,R2,False
cleaned_primary,LKA,R1,R1,False
cleaned_primary,LSO,R1,R1,False
cleaned_primary,LTU,R2,R2,False
cleaned_primary,LUX,R2,R2,False
cleaned_primary,LVA,R2,R2,False
cleaned_primary,MAC,R2,R2,False
cleaned_primary,MAR,R1,R1,False
cleaned_primary,MDA,R1,R1,False
cleaned_primary,MDG,R1,R1,False
cleaned_primary,MDV,R2,R2,False
cleaned_primary,MEX,R1,R1,False
cleaned_primary,MHL,R2,R2,False
cleaned_primary,MKD,R2,R2,False
cleaned_primary,MLI,R1,R1,False
cleaned_primary,MLT,R2,R2,False
cleaned_primary,MMR,R1,R1,False
cleaned_primary,MNE,R2,R2,False
cleaned_primary,MNG,R1,R1,False
cleaned_primary,MNP,R2,R2,False
cleaned_primary,MOZ,R1,R1,False
cleaned_primary,MRT,R1,R1,False
cleaned_primary,MUS,R2,R2,False
cleaned_primary,MWI,R1,R1,False
cleaned_primary,MYS,R1,R1,False
cleaned_primary,NAM,R2,R2,False
cleaned_primary,NER,R1,R1,False
cleaned_primary,NGA,R1,R1,False
cleaned_primary,NIC,R1,R1,False
cleaned_primary,NLD,R2,R2,False
cleaned_primary,NOR,R2,R2,False
cleaned_primary,NPL,R1,R1,False
cleaned_primary,NRU,R2,R2,False
cleaned_primary,NZL,R2,R2,False
cleaned_primary,OMN,R1,R1,False
cleaned_primary,PAK,R1,R1,False
cleaned_primary,PAN,R2,R2,False
cleaned_primary,PER,R1,R1,False
cleaned_primary,PHL,R1,R1,False
cleaned_primary,PLW,R2,R2,False
cleaned_primary,PNG,R1,R1,False
cleaned_primary,POL,R2,R2,False
cleaned_primary,PRT,R2,R2,False
cleaned_primary,PRY,R1,R1,False
cleaned_primary,PSE,R1,R1,False
cleaned_primary,PYF,R2,R2,False
cleaned_primary,QAT,R2,R2,False
cleaned_primary,ROU,R1,R1,False
cleaned_primary,RUS,R1,R1,False
cleaned_primary,RWA,R1,R1,False
cleaned_primary,SAU,R1,R1,False
cleaned_primary,SDN,R1,R1,False
cleaned_primary,SEN,R1,R1,False
cleaned_primary,SGP,R2,R2,False
cleaned_primary,SLB,R1,R1,False
cleaned_primary,SLE,R1,R1,False
cleaned_primary,SLV,R1,R1,False
cleaned_primary,SMR,R2,R2,False
cleaned_primary,SOM,R1,R1,False
cleaned_primary,SRB,R1,R1,False
cleaned_primary,SSD,R1,R1,False
cleaned_primary,STP,R1,R1,False
cleaned_primary,SUR,R2,R2,False
cleaned_primary,SVK,R2,R2,False
cleaned_primary,SVN,R2,R2,False
cleaned_primary,SWE,R2,R2,False
cleaned_primary,SWZ,R1,R1,False
cleaned_primary,SXM,R2,R2,False
cleaned_primary,SYC,R2,R2,False
cleaned_primary,SYR,R1,R1,False
cleaned_primary,TCA,R2,R2,False
cleaned_primary,TCD,R1,R1,False
cleaned_primary,TGO,R1,R1,False
cleaned_primary,THA,R1,R1,False
cleaned_primary,TJK,R1,R1,False
cleaned_primary,TKM,R1,R1,False
cleaned_primary,TLS,R1,R1,False
cleaned_primary,TON,R2,R2,False
cleaned_primary,TTO,R2,R2,False
cleaned_primary,TUN,R1,R1,False
cleaned_primary,TUR,R1,R1,False
cleaned_primary,TUV,R2,R2,False
cleaned_primary,TZA,R1,R1,False
cleaned_primary,UGA,R1,R1,False
cleaned_primary,UKR,R1,R1,False
cleaned_primary,URY,R2,R2,False
cleaned_primary,UZB,R1,R1,False
cleaned_primary,VCT,R2,R2,False
cleaned_primary,VEN,R1,R1,False
cleaned_primary,VNM,R1,R1,False
cleaned_primary,VUT,R2,R2,False
cleaned_primary,WSM,R2,R2,False
cleaned_primary,YEM,R1,R1,False
cleaned_primary,ZMB,R1,R1,False
cleaned_primary,ZWE,R1,R1,False
complete_case,ABW,R2,R2,False
complete_case,AGO,R1,R1,False
complete_case,ALB,R1,R1,False
complete_case,ARE,R2,R2,False
complete_case,ARG,R1,R1,False
complete_case,ARM,R1,R1,False
complete_case,ATG,R2,R2,False
complete_case,AUS,R2,R2,False
complete_case,AUT,R2,R2,False
complete_case,AZE,R1,R1,False
complete_case,BEL,R2,R2,False
complete_case,BEN,R1,R1,False
complete_case,BFA,R1,R1,False
complete_case,BGD,R1,R1,False
complete_case,BHR,R2,R2,False
complete_case,BHS,R2,R2,False
complete_case,BIH,R1,R1,False
complete_case,BLR,R1,R1,False
complete_case,BLZ,R2,R2,False
complete_case,BMU,R2,R2,False
complete_case,BOL,R1,R1,False
complete_case,BRA,R1,R1,False
complete_case,BRN,R2,R2,False
complete_case,BTN,R2,R2,False
complete_case,BWA,R2,R2,False
complete_case,CAN,R2,R2,False
complete_case,CHE,R2,R2,False
complete_case,CHL,R2,R2,False
complete_case,CIV,R1,R1,False
complete_case,CMR,R1,R1,False
complete_case,COD,R1,R1,False
complete_case,COG,R1,R1,False
complete_case,COL,R1,R1,False
complete_case,COM,R1,R1,False
complete_case,CPV,R2,R2,False
complete_case,CRI,R2,R2,False
complete_case,CUB,R1,R1,False
complete_case,CYM,R2,R2,False
complete_case,CYP,R2,R2,False
complete_case,CZE,R2,R2,False
complete_case,DEU,R2,R2,False
complete_case,DJI,R2,R2,False
complete_case,DNK,R2,R2,False
complete_case,DOM,R1,R1,False
complete_case,DZA,R1,R1,False
complete_case,ECU,R1,R1,False
complete_case,EGY,R1,R1,False
complete_case,ESP,R2,R2,False
complete_case,EST,R2,R2,False
complete_case,ETH,R1,R1,False
complete_case,FIN,R2,R2,False
complete_case,FRA,R2,R2,False
complete_case,FSM,R2,R2,False
complete_case,GAB,R1,R1,False
complete_case,GBR,R2,R2,False
complete_case,GEO,R2,R2,False
complete_case,GHA,R1,R1,False
complete_case,GIN,R1,R1,False
complete_case,GMB,R1,R1,False
complete_case,GNB,R1,R1,False
complete_case,GNQ,R1,R1,False
complete_case,GRC,R2,R2,False
complete_case,GRL,R2,R2,False
complete_case,GTM,R1,R1,False
complete_case,HKG,R2,R2,False
complete_case,HND,R1,R1,False
complete_case,HRV,R2,R2,False
complete_case,HTI,R1,R1,False
complete_case,HUN,R2,R2,False
complete_case,IDN,R1,R1,False
complete_case,IND,R1,R1,False
complete_case,IRL,R2,R2,False
complete_case,IRN,R1,R1,False
complete_case,IRQ,R1,R1,False
complete_case,ISL,R2,R2,False
complete_case,ISR,R2,R2,False
complete_case,ITA,R2,R2,False
complete_case,JOR,R1,R1,False
complete_case,JPN,R2,R2,False
complete_case,KAZ,R1,R1,False
complete_case,KEN,R1,R1,False
complete_case,KGZ,R1,R1,False
complete_case,KHM,R1,R1,False
complete_case,KIR,R2,R2,False
complete_case,KOR,R2,R2,False
complete_case,KWT,R1,R1,False
complete_case,LAO,R1,R1,False
complete_case,LBN,R1,R1,False
complete_case,LBY,R1,R1,False
complete_case,LKA,R1,R1,False
complete_case,LSO,R1,R1,False
complete_case,LTU,R2,R2,False
complete_case,LUX,R2,R2,False
complete_case,LVA,R2,R2,False
complete_case,MAC,R2,R2,False
complete_case,MAR,R1,R1,False
complete_case,MDA,R1,R1,False
complete_case,MDG,R1,R1,False
complete_case,MDV,R2,R2,False
complete_case,MEX,R1,R1,False
complete_case,MHL,R2,R2,False
complete_case,MKD,R2,R2,False
complete_case,MLI,R1,R1,False
complete_case,MLT,R2,R2,False
complete_case,MNE,R2,R2,False
complete_case,MNG,R1,R1,False
complete_case,MOZ,R1,R1,False
complete_case,MRT,R1,R1,False
complete_case,MUS,R2,R2,False
complete_case,MWI,R1,R1,False
complete_case,MYS,R1,R1,False
complete_case,NAM,R2,R2,False
complete_case,NER,R1,R1,False
complete_case,NIC,R1,R1,False
complete_case,NLD,R2,R2,False
complete_case,NOR,R2,R2,False
complete_case,NPL,R1,R1,False
complete_case,NZL,R2,R2,False
complete_case,OMN,R1,R1,False
complete_case,PAK,R1,R1,False
complete_case,PAN,R2,R2,False
complete_case,PER,R1,R1,False
complete_case,PHL,R1,R1,False
complete_case,PLW,R2,R2,False
complete_case,POL,R2,R2,False
complete_case,PRT,R2,R2,False
complete_case,PRY,R1,R1,False
complete_case,PSE,R1,R1,False
complete_case,QAT,R2,R2,False
complete_case,ROU,R1,R1,False
complete_case,RUS,R1,R1,False
complete_case,RWA,R1,R1,False
complete_case,SAU,R1,R1,False
complete_case,SEN,R1,R1,False
complete_case,SGP,R2,R2,False
complete_case,SLB,R1,R1,False
complete_case,SLE,R1,R1,False
complete_case,SLV,R1,R1,False
complete_case,SMR,R2,R2,False
complete_case,SRB,R1,R1,False
complete_case,SSD,R1,R1,False
complete_case,SVK,R2,R2,False
complete_case,SVN,R2,R2,False
complete_case,SWE,R2,R2,False
complete_case,SWZ,R1,R1,False
complete_case,SYC,R2,R2,False
complete_case,TCD,R1,R1,False
complete_case,TGO,R1,R1,False
complete_case,THA,R1,R1,False
complete_case,TJK,R1,R1,False
complete_case,TLS,R1,R1,False
complete_case,TON,R2,R2,False
complete_case,TUN,R1,R1,False
complete_case,TUR,R1,R1,False
complete_case,TZA,R1,R1,False
complete_case,UGA,R1,R1,False
complete_case,UKR,R1,R1,False
complete_case,URY,R2,R2,False
complete_case,UZB,R1,R1,False
complete_case,VNM,R1,R1,False
complete_case,VUT,R2,R2,False
complete_case,WSM,R2,R2,False
complete_case,ZMB,R1,R1,False
complete_case,ZWE,R1,R1,False
broad_legacy,ABW,R2,R2,False
broad_legacy,AFG,R1,R1,False
broad_legacy,AGO,R1,R1,False
broad_legacy,AIA,,R2,False
broad_legacy,ALB,R1,R2,True
broad_legacy,AND,R2,R2,False
broad_legacy,ANS,,R1,False
broad_legacy,ARE,R2,R2,False
broad_legacy,ARG,R1,R1,False
broad_legacy,ARM,R1,R1,False
broad_legacy,ASM,R2,R2,False
broad_legacy,ATA,,R2,False
broad_legacy,ATF,,R1,False
broad_legacy,ATG,R2,R2,False
broad_legacy,AUS,R2,R2,False
broad_legacy,AUT,R2,R2,False
broad_legacy,AZE,R1,R1,False
broad_legacy,BDI,R1,R1,False
broad_legacy,BEL,R2,R2,False
broad_legacy,BEN,R1,R1,False
broad_legacy,BES,,R1,False
broad_legacy,BFA,R1,R1,False
broad_legacy,BGD,R1,R1,False
broad_legacy,BGR,R2,R2,False
broad_legacy,BHR,R2,R2,False
broad_legacy,BHS,R2,R2,False
broad_legacy,BIH,R1,R2,True
broad_legacy,BLM,,R2,False
broad_legacy,BLR,R1,R1,False
broad_legacy,BLZ,R2,R2,False
broad_legacy,BMU,R2,R2,False
broad_legacy,BOL,R1,R1,False
broad_legacy,BRA,R1,R1,False
broad_legacy,BRB,R2,R2,False
broad_legacy,BRN,R2,R2,False
broad_legacy,BTN,R2,R2,False
broad_legacy,BVT,,R2,False
broad_legacy,BWA,R2,R2,False
broad_legacy,CAF,,R1,False
broad_legacy,CAN,R2,R2,False
broad_legacy,CCK,,R1,False
broad_legacy,CHE,R2,R2,False
broad_legacy,CHL,R2,R2,False
broad_legacy,CIV,R1,R1,False
broad_legacy,CMR,R1,R1,False
broad_legacy,COD,R1,R1,False
broad_legacy,COG,R1,R1,False
broad_legacy,COK,,R2,False
broad_legacy,COL,R1,R1,False
broad_legacy,COM,R1,R1,False
broad_legacy,CPV,R2,R2,False
broad_legacy,CRI,R2,R2,False
broad_legacy,CUB,R1,R1,False
broad_legacy,CUW,R2,R2,False
broad_legacy,CXR,,R1,False
broad_legacy,CYM,R2,R2,False
broad_legacy,CYP,R2,R2,False
broad_legacy,CZE,R2,R2,False
broad_legacy,DEU,R2,R2,False
broad_legacy,DJI,R2,R2,False
broad_legacy,DMA,R2,R2,False
broad_legacy,DNK,R2,R2,False
broad_legacy,DOM,R1,R1,False
broad_legacy,DZA,R1,R1,False
broad_legacy,ECU,R1,R1,False
broad_legacy,EGY,R1,R1,False
broad_legacy,ERI,,R1,False
broad_legacy,ESP,R2,R2,False
broad_legacy,EST,R2,R2,False
broad_legacy,ETH,R1,R1,False
broad_legacy,FIN,R2,R2,False
broad_legacy,FJI,R2,R2,False
broad_legacy,FLK,,R2,False
broad_legacy,FRA,R2,R2,False
broad_legacy,FRO,R2,R2,False
broad_legacy,FSM,R2,R2,False
broad_legacy,GAB,R1,R1,False
broad_legacy,GBR,R2,R2,False
broad_legacy,GEO,R2,R2,False
broad_legacy,GHA,R1,R1,False
broad_legacy,GIB,,R2,False
broad_legacy,GIN,R1,R1,False
broad_legacy,GMB,R1,R1,False
broad_legacy,GNB,R1,R1,False
broad_legacy,GNQ,R1,R1,False
broad_legacy,GRC,R2,R2,False
broad_legacy,GRD,R2,R2,False
broad_legacy,GRL,R2,R2,False
broad_legacy,GTM,R1,R1,False
broad_legacy,GUM,R2,R2,False
broad_legacy,GUY,R2,R2,False
broad_legacy,HKG,R2,R2,False
broad_legacy,HMD,,R2,False
broad_legacy,HND,R1,R1,False
broad_legacy,HRV,R2,R2,False
broad_legacy,HTI,R1,R1,False
broad_legacy,HUN,R2,R2,False
broad_legacy,IDN,R1,R1,False
broad_legacy,IND,R1,R1,False
broad_legacy,IRL,R2,R2,False
broad_legacy,IRN,R1,R1,False
broad_legacy,IRQ,R1,R1,False
broad_legacy,ISL,R2,R2,False
broad_legacy,ISR,R2,R2,False
broad_legacy,ITA,R2,R2,False
broad_legacy,JAM,R1,R2,True
broad_legacy,JOR,R1,R1,False
broad_legacy,JPN,R2,R2,False
broad_legacy,KAZ,R1,R1,False
broad_legacy,KEN,R1,R1,False
broad_legacy,KGZ,R1,R1,False
broad_legacy,KHM,R1,R1,False
broad_legacy,KIR,R2,R2,False
broad_legacy,KNA,R2,R2,False
broad_legacy,KOR,R2,R2,False
broad_legacy,KWT,R1,R1,False
broad_legacy,LAO,R1,R1,False
broad_legacy,LBN,R1,R1,False
broad_legacy,LBR,R1,R1,False
broad_legacy,LBY,R1,R1,False
broad_legacy,LCA,R2,R2,False
broad_legacy,LKA,R1,R1,False
broad_legacy,LSO,R1,R1,False
broad_legacy,LTU,R2,R2,False
broad_legacy,LUX,R2,R2,False
broad_legacy,LVA,R2,R2,False
broad_legacy,MAC,R2,R2,False
broad_legacy,MAR,R1,R1,False
broad_legacy,MDA,R1,R1,False
broad_legacy,MDG,R1,R1,False
broad_legacy,MDV,R2,R2,False
broad_legacy,MEX,R1,R1,False
broad_legacy,MHL,R2,R2,False
broad_legacy,MKD,R2,R2,False
broad_legacy,MLI,R1,R1,False
broad_legacy,MLT,R2,R2,False
broad_legacy,MMR,R1,R1,False
broad_legacy,MNE,R2,R2,False
broad_legacy,MNG,R1,R1,False
broad_legacy,MNP,R2,R2,False
broad_legacy,MOZ,R1,R1,False
broad_legacy,MRT,R1,R1,False
broad_legacy,MSR,,R2,False
broad_legacy,MUS,R2,R2,False
broad_legacy,MWI,R1,R1,False
broad_legacy,MYS,R1,R1,False
broad_legacy,NAM,R2,R2,False
broad_legacy,NCL,,R2,False
broad_legacy,NER,R1,R1,False
broad_legacy,NFK,,R2,False
broad_legacy,NGA,R1,R1,False
broad_legacy,NIC,R1,R1,False
broad_legacy,NIU,,R1,False
broad_legacy,NLD,R2,R2,False
broad_legacy,NOR,R2,R2,False
broad_legacy,NPL,R1,R1,False
broad_legacy,NRU,R2,R2,False
broad_legacy,NZL,R2,R2,False
broad_legacy,OMN,R1,R1,False
broad_legacy,PAK,R1,R1,False
broad_legacy,PAN,R2,R2,False
broad_legacy,PCN,,R2,False
broad_legacy,PER,R1,R1,False
broad_legacy,PHL,R1,R1,False
broad_legacy,PLW,R2,R2,False
broad_legacy,PNG,R1,R1,False
broad_legacy,POL,R2,R2,False
broad_legacy,PRK,,R1,False
broad_legacy,PRT,R2,R2,False
broad_legacy,PRY,R1,R1,False
broad_legacy,PSE,R1,R1,False
broad_legacy,PYF,R2,R2,False
broad_legacy,QAT,R2,R2,False
broad_legacy,ROU,R1,R1,False
broad_legacy,RUS,R1,R1,False
broad_legacy,RWA,R1,R1,False
broad_legacy,SAU,R1,R1,False
broad_legacy,SDN,R1,R1,False
broad_legacy,SEN,R1,R1,False
broad_legacy,SGP,R2,R2,False
broad_legacy,SGS,,R1,False
broad_legacy,SHN,,R1,False
broad_legacy,SLB,R1,R1,False
broad_legacy,SLE,R1,R1,False
broad_legacy,SLV,R1,R1,False
broad_legacy,SMR,R2,R2,False
broad_legacy,SOM,R1,R1,False
broad_legacy,SPM,,R1,False
broad_legacy,SRB,R1,R1,False
broad_legacy,SSD,R1,R1,False
broad_legacy,STP,R1,R2,True
broad_legacy,SUR,R2,R1,True
broad_legacy,SVK,R2,R2,False
broad_legacy,SVN,R2,R2,False
broad_legacy,SWE,R2,R2,False
broad_legacy,SWZ,R1,R1,False
broad_legacy,SXM,R2,R2,False
broad_legacy,SYC,R2,R2,False
broad_legacy,SYR,R1,R1,False
broad_legacy,TCA,R2,R2,False
broad_legacy,TCD,R1,R1,False
broad_legacy,TGO,R1,R1,False
broad_legacy,THA,R1,R1,False
broad_legacy,TJK,R1,R1,False
broad_legacy,TKL,,R1,False
broad_legacy,TKM,R1,R1,False
broad_legacy,TLS,R1,R1,False
broad_legacy,TON,R2,R2,False
broad_legacy,TTO,R2,R2,False
broad_legacy,TUN,R1,R1,False
broad_legacy,TUR,R1,R1,False
broad_legacy,TUV,R2,R2,False
broad_legacy,TWN,,R2,False
broad_legacy,TZA,R1,R1,False
broad_legacy,UGA,R1,R1,False
broad_legacy,UKR,R1,R1,False
broad_legacy,URY,R2,R2,False
broad_legacy,UZB,R1,R1,False
broad_legacy,VAT,,R2,False
broad_legacy,VCT,R2,R2,False
broad_legacy,VEN,R1,R1,False
broad_legacy,VGB,,R1,False
broad_legacy,VNM,R1,R1,False
broad_legacy,VUT,R2,R2,False
broad_legacy,WSM,R2,R2,False
broad_legacy,YEM,R1,R1,False
broad_legacy,ZAF,,R1,False
broad_legacy,ZMB,R1,R1,False
broad_legacy,ZWE,R1,R1,False
