country_iso3_code,consensus_cluster_numeric,assignment_probability,pre_log_real_gdp_pc,wb_region,exposure_tercile,cluster_imputed_fields,structural_profile,structural_regime,sample,selected_k
ABW,0,1.0,10.206003662946179,Latin America & Caribbean,high,0,R2,R2,cleaned_primary,2
AFG,1,1.0,6.344663402816585,"Middle East, North Africa, Afghanistan & Pakistan",low,1,R1,R1,cleaned_primary,2
AGO,1,1.0,8.186393368102179,Sub-Saharan Africa,high,0,R1,R1,cleaned_primary,2
ALB,0,1.0,8.33195745129933,Europe & Central Asia,low,0,R2,R2,cleaned_primary,2
AND,0,1.0,10.54132630147989,Europe & Central Asia,low,1,R2,R2,cleaned_primary,2
ARE,0,1.0,10.699022767025442,"Middle East, North Africa, Afghanistan & Pakistan",middle,0,R2,R2,cleaned_primary,2
ARG,1,1.0,9.51796809459904,Latin America & Caribbean,middle,0,R1,R1,cleaned_primary,2
ARM,1,1.0,8.143360166075654,Europe & Central Asia,low,0,R1,R1,cleaned_primary,2
ASM,0,1.0,9.41245158699119,East Asia & Pacific,low,1,R2,R2,cleaned_primary,2
ATG,0,1.0,9.694585690293565,Latin America & Caribbean,high,0,R2,R2,cleaned_primary,2
AUS,0,1.0,10.946579550967622,East Asia & Pacific,high,0,R2,R2,cleaned_primary,2
AUT,0,1.0,10.696607943089171,Europe & Central Asia,low,0,R2,R2,cleaned_primary,2
AZE,1,1.0,8.585507227554196,Europe & Central Asia,low,0,R1,R1,cleaned_primary,2
BDI,1,1.0,5.55483038993643,Sub-Saharan Africa,low,1,R1,R1,cleaned_primary,2
BEL,0,1.0,10.614301807080388,Europe & Central Asia,low,0,R2,R2,cleaned_primary,2
BEN,1,1.0,6.9043668025904745,Sub-Saharan Africa,high,0,R1,R1,cleaned_primary,2
BFA,1,1.0,6.447721023706862,Sub-Saharan Africa,low,0,R1,R1,cleaned_primary,2
BGD,1,1.0,7.0873334404112756,South Asia,high,0,R1,R1,cleaned_primary,2
BGR,0,1.0,8.879600199286097,Europe & Central Asia,low,1,R2,R2,cleaned_primary,2
BHR,0,1.0,10.081292782568426,"Middle East, North Africa, Afghanistan & Pakistan",middle,0,R2,R2,cleaned_primary,2
BHS,0,1.0,10.333141426404827,Latin America & Caribbean,high,0,R2,R2,cleaned_primary,2
BIH,1,1.0,8.427501254327861,Europe & Central Asia,low,0,R1,R1,cleaned_primary,2
BLR,1,1.0,8.702734093488298,Europe & Central Asia,low,0,R1,R1,cleaned_primary,2
BLZ,0,1.0,8.698355115481851,Latin America & Caribbean,high,0,R2,R2,cleaned_primary,2
BMU,0,1.0,11.5720310916245,North America,high,0,R2,R2,cleaned_primary,2
BOL,1,1.0,7.981364746309544,Latin America & Caribbean,middle,0,R1,R1,cleaned_primary,2
BRA,1,1.0,9.104637344842866,Latin America & Caribbean,high,0,R1,R1,cleaned_primary,2
BRB,0,1.0,9.938310997294442,Latin America & Caribbean,high,1,R2,R2,cleaned_primary,2
BRN,0,1.0,10.344488853357378,East Asia & Pacific,middle,0,R2,R2,cleaned_primary,2
BTN,0,1.0,7.973167356513414,South Asia,low,0,R2,R2,cleaned_primary,2
BWA,0,1.0,8.748934220545607,Sub-Saharan Africa,low,0,R2,R2,cleaned_primary,2
CAF,1,1.0,5.97186945678721,Sub-Saharan Africa,middle,0,R1,R1,cleaned_primary,2
CAN,0,1.0,10.677720974859874,North America,high,0,R2,R2,cleaned_primary,2
CHE,0,1.0,11.332967267005763,Europe & Central Asia,middle,0,R2,R2,cleaned_primary,2
CHL,0,1.0,9.494934356137847,Latin America & Caribbean,high,0,R2,R2,cleaned_primary,2
CIV,1,1.0,7.468536430889671,Sub-Saharan Africa,middle,0,R1,R1,cleaned_primary,2
CMR,1,1.0,7.237020374835161,Sub-Saharan Africa,middle,0,R1,R1,cleaned_primary,2
COD,1,1.0,6.1604075678536825,Sub-Saharan Africa,high,0,R1,R1,cleaned_primary,2
COG,1,1.0,7.749342012238482,Sub-Saharan Africa,high,0,R1,R1,cleaned_primary,2
COL,1,1.0,8.714817667502437,Latin America & Caribbean,high,0,R1,R1,cleaned_primary,2
COM,1,1.0,7.2008251348620504,Sub-Saharan Africa,low,0,R1,R1,cleaned_primary,2
CPV,0,1.0,8.149324085215738,Sub-Saharan Africa,low,0,R2,R2,cleaned_primary,2
CRI,0,1.0,9.36128029538044,Latin America & Caribbean,high,0,R2,R2,cleaned_primary,2
CUB,1,1.0,8.92721335946226,Latin America & Caribbean,middle,0,R1,R1,cleaned_primary,2
CUW,0,1.0,9.875160569224589,Latin America & Caribbean,high,1,R2,R2,cleaned_primary,2
CYM,0,1.0,11.247943744606204,Latin America & Caribbean,middle,0,R2,R2,cleaned_primary,2
CYP,0,1.0,10.074907725936177,Europe & Central Asia,low,0,R2,R2,cleaned_primary,2
CZE,0,1.0,9.779996494871964,Europe & Central Asia,low,0,R2,R2,cleaned_primary,2
DEU,0,1.0,10.642439570049534,Europe & Central Asia,middle,0,R2,R2,cleaned_primary,2
DJI,0,1.0,7.769803884514795,"Middle East, North Africa, Afghanistan & Pakistan",high,0,R2,R2,cleaned_primary,2
DMA,0,1.0,9.034418993591425,Latin America & Caribbean,high,1,R2,R2,cleaned_primary,2
DNK,0,1.0,10.88021909907191,Europe & Central Asia,low,0,R2,R2,cleaned_primary,2
DOM,1,1.0,8.794446536645603,Latin America & Caribbean,high,0,R1,R1,cleaned_primary,2
DZA,1,1.0,8.444147949860643,"Middle East, North Africa, Afghanistan & Pakistan",middle,0,R1,R1,cleaned_primary,2
ECU,1,1.0,8.683911133555865,Latin America & Caribbean,high,0,R1,R1,cleaned_primary,2
EGY,1,1.0,8.102033526943385,"Middle East, North Africa, Afghanistan & Pakistan",middle,0,R1,R1,cleaned_primary,2
ESP,0,1.0,10.15426897714124,Europe & Central Asia,low,0,R2,R2,cleaned_primary,2
EST,0,1.0,9.777517062400664,Europe & Central Asia,low,0,R2,R2,cleaned_primary,2
ETH,1,1.0,6.353295660864473,Sub-Saharan Africa,high,0,R1,R1,cleaned_primary,2
FIN,0,1.0,10.675914981327244,Europe & Central Asia,low,0,R2,R2,cleaned_primary,2
FJI,1,1.0,8.506470583336181,East Asia & Pacific,middle,1,R1,R1,cleaned_primary,2
FRA,0,1.0,10.509835782888496,Europe & Central Asia,middle,0,R2,R2,cleaned_primary,2
FRO,0,1.0,10.849350510526014,Europe & Central Asia,low,1,R2,R2,cleaned_primary,2
FSM,0,1.0,7.957111996473458,East Asia & Pacific,high,0,R2,R2,cleaned_primary,2
GAB,1,1.0,8.844462795487546,Sub-Saharan Africa,middle,0,R1,R1,cleaned_primary,2
GBR,0,1.0,10.712172975370946,Europe & Central Asia,middle,0,R2,R2,cleaned_primary,2
GEO,0,1.0,8.297200287122802,Europe & Central Asia,middle,0,R2,R2,cleaned_primary,2
GHA,1,1.0,7.456320654905997,Sub-Saharan Africa,high,0,R1,R1,cleaned_primary,2
GIN,1,1.0,6.641989675094628,Sub-Saharan Africa,high,0,R1,R1,cleaned_primary,2
GMB,1,1.0,6.438416756768535,Sub-Saharan Africa,high,0,R1,R1,cleaned_primary,2
GNB,1,1.0,6.469893306594794,Sub-Saharan Africa,low,0,R1,R1,cleaned_primary,2
GNQ,1,1.0,9.146068187727666,Sub-Saharan Africa,middle,0,R1,R1,cleaned_primary,2
GRC,0,1.0,9.796723009722497,Europe & Central Asia,low,0,R2,R2,cleaned_primary,2
GRD,0,1.0,9.034711929194469,Latin America & Caribbean,high,1,R2,R2,cleaned_primary,2
GRL,0,1.0,10.714875100791971,Europe & Central Asia,low,0,R2,R2,cleaned_primary,2
GTM,1,1.0,8.249897975245064,Latin America & Caribbean,high,0,R1,R1,cleaned_primary,2
GUM,0,1.0,10.45610705767014,East Asia & Pacific,low,1,R2,R2,cleaned_primary,2
GUY,1,1.0,8.643843888001948,Latin America & Caribbean,high,1,R1,R1,cleaned_primary,2
HKG,0,1.0,10.646994624241092,East Asia & Pacific,high,0,R2,R2,cleaned_primary,2
HND,1,1.0,7.725137449475824,Latin America & Caribbean,high,0,R1,R1,cleaned_primary,2
HRV,0,1.0,9.420135547179774,Europe & Central Asia,low,0,R2,R2,cleaned_primary,2
HTI,1,1.0,7.246400387659221,Latin America & Caribbean,high,0,R1,R1,cleaned_primary,2
HUN,0,1.0,9.433082541405664,Europe & Central Asia,low,0,R2,R2,cleaned_primary,2
IDN,1,1.0,8.079920373817043,East Asia & Pacific,middle,0,R1,R1,cleaned_primary,2
IND,1,1.0,7.338979914908141,South Asia,middle,0,R1,R1,cleaned_primary,2
IRL,0,1.0,10.948564231672838,Europe & Central Asia,middle,0,R2,R2,cleaned_primary,2
IRN,1,1.0,8.540628658040413,"Middle East, North Africa, Afghanistan & Pakistan",middle,0,R1,R1,cleaned_primary,2
IRQ,1,1.0,8.427439595652094,"Middle East, North Africa, Afghanistan & Pakistan",middle,0,R1,R1,cleaned_primary,2
ISL,0,1.0,10.884613976268739,Europe & Central Asia,low,0,R2,R2,cleaned_primary,2
ISR,0,1.0,10.498368396051042,"Middle East, North Africa, Afghanistan & Pakistan",high,0,R2,R2,cleaned_primary,2
ITA,0,1.0,10.336033243378408,Europe & Central Asia,low,0,R2,R2,cleaned_primary,2
JAM,0,1.0,8.590192603852119,Latin America & Caribbean,high,1,R2,R2,cleaned_primary,2
JOR,1,1.0,8.34967051411733,"Middle East, North Africa, Afghanistan & Pakistan",middle,0,R1,R1,cleaned_primary,2
JPN,0,1.0,10.454306527639467,East Asia & Pacific,high,0,R2,R2,cleaned_primary,2
KAZ,1,1.0,9.21776128093128,Europe & Central Asia,middle,0,R1,R1,cleaned_primary,2
KEN,1,1.0,7.29126269798228,Sub-Saharan Africa,high,0,R1,R1,cleaned_primary,2
KGZ,1,1.0,6.991960110308066,Europe & Central Asia,high,0,R1,R1,cleaned_primary,2
KHM,1,1.0,7.317096454103949,East Asia & Pacific,middle,0,R1,R1,cleaned_primary,2
KIR,0,1.0,7.367165452485879,East Asia & Pacific,middle,0,R2,R2,cleaned_primary,2
KNA,0,1.0,9.896354644523715,Latin America & Caribbean,high,1,R2,R2,cleaned_primary,2
KOR,0,1.0,10.304057461039948,East Asia & Pacific,high,0,R2,R2,cleaned_primary,2
KWT,1,1.0,10.324984179188043,"Middle East, North Africa, Afghanistan & Pakistan",middle,0,R1,R1,cleaned_primary,2
LAO,1,1.0,7.627377113664259,East Asia & Pacific,middle,0,R1,R1,cleaned_primary,2
LBN,1,1.0,9.011357387375048,"Middle East, North Africa, Afghanistan & Pakistan",middle,0,R1,R1,cleaned_primary,2
LBR,1,1.0,6.534005889571816,Sub-Saharan Africa,middle,2,R1,R1,cleaned_primary,2
LBY,1,1.0,9.093699102962551,"Middle East, North Africa, Afghanistan & Pakistan",middle,0,R1,R1,cleaned_primary,2
LCA,0,1.0,9.260574729245642,Latin America & Caribbean,high,1,R2,R2,cleaned_primary,2
LKA,1,1.0,8.284774162795399,South Asia,middle,0,R1,R1,cleaned_primary,2
LSO,1,1.0,7.009988971832535,Sub-Saharan Africa,middle,0,R1,R1,cleaned_primary,2
LTU,0,1.0,9.546450221972597,Europe & Central Asia,low,0,R2,R2,cleaned_primary,2
LUX,0,1.0,11.5716963655316,Europe & Central Asia,low,0,R2,R2,cleaned_primary,2
LVA,0,1.0,9.477709689604326,Europe & Central Asia,low,0,R2,R2,cleaned_primary,2
MAC,0,1.0,11.316883115981836,East Asia & Pacific,high,0,R2,R2,cleaned_primary,2
MAR,1,1.0,8.03324507787982,"Middle East, North Africa, Afghanistan & Pakistan",low,0,R1,R1,cleaned_primary,2
MDA,1,1.0,7.9148226228322995,Europe & Central Asia,low,0,R1,R1,cleaned_primary,2
MDG,1,1.0,6.101729951777922,Sub-Saharan Africa,high,0,R1,R1,cleaned_primary,2
MDV,0,1.0,9.167595082814804,South Asia,middle,0,R2,R2,cleaned_primary,2
MEX,1,1.0,9.205173988791378,Latin America & Caribbean,high,0,R1,R1,cleaned_primary,2
MHL,0,1.0,8.229381293958062,East Asia & Pacific,middle,0,R2,R2,cleaned_primary,2
MKD,0,1.0,8.542836019630618,Europe & Central Asia,low,0,R2,R2,cleaned_primary,2
MLI,1,1.0,6.717848453139968,Sub-Saharan Africa,low,0,R1,R1,cleaned_primary,2
MLT,0,1.0,10.109305884184616,"Middle East, North Africa, Afghanistan & Pakistan",middle,0,R2,R2,cleaned_primary,2
MMR,1,1.0,7.0216785004315225,East Asia & Pacific,high,1,R1,R1,cleaned_primary,2
MNE,0,1.0,8.75917691964665,Europe & Central Asia,low,0,R2,R2,cleaned_primary,2
MNG,1,1.0,8.223002652998591,East Asia & Pacific,high,0,R1,R1,cleaned_primary,2
MNP,0,1.0,9.860757087392644,East Asia & Pacific,low,2,R2,R2,cleaned_primary,2
MOZ,1,1.0,6.377254474563757,Sub-Saharan Africa,middle,0,R1,R1,cleaned_primary,2
MRT,1,1.0,7.331920004883778,Sub-Saharan Africa,high,0,R1,R1,cleaned_primary,2
MUS,0,1.0,9.156906958618244,Sub-Saharan Africa,middle,0,R2,R2,cleaned_primary,2
MWI,1,1.0,6.279021277653338,Sub-Saharan Africa,middle,0,R1,R1,cleaned_primary,2
MYS,1,1.0,9.154984254894735,East Asia & Pacific,high,0,R1,R1,cleaned_primary,2
NAM,0,1.0,8.432417938228019,Sub-Saharan Africa,low,0,R2,R2,cleaned_primary,2
NER,1,1.0,6.179562197120155,Sub-Saharan Africa,middle,0,R1,R1,cleaned_primary,2
NGA,1,1.0,7.8231393126100555,Sub-Saharan Africa,middle,1,R1,R1,cleaned_primary,2
NIC,1,1.0,7.6198450339563735,Latin America & Caribbean,high,0,R1,R1,cleaned_primary,2
NLD,0,1.0,10.729834817194531,Europe & Central Asia,middle,0,R2,R2,cleaned_primary,2
NOR,0,1.0,11.21944519026119,Europe & Central Asia,low,0,R2,R2,cleaned_primary,2
NPL,1,1.0,6.748029844360005,South Asia,middle,0,R1,R1,cleaned_primary,2
NRU,0,1.0,8.897442249913965,East Asia & Pacific,low,1,R2,R2,cleaned_primary,2
NZL,0,1.0,10.551735059719773,East Asia & Pacific,high,0,R2,R2,cleaned_primary,2
OMN,1,1.0,9.849822372549715,"Middle East, North Africa, Afghanistan & Pakistan",high,0,R1,R1,cleaned_primary,2
PAK,1,1.0,7.225431716852005,"Middle East, North Africa, Afghanistan & Pakistan",high,0,R1,R1,cleaned_primary,2
PAN,0,1.0,9.534657369296054,Latin America & Caribbean,high,0,R2,R2,cleaned_primary,2
PER,1,1.0,8.724704542612754,Latin America & Caribbean,high,0,R1,R1,cleaned_primary,2
PHL,1,1.0,7.957251620263574,East Asia & Pacific,high,0,R1,R1,cleaned_primary,2
PLW,0,1.0,9.63972849224103,East Asia & Pacific,high,0,R2,R2,cleaned_primary,2
PNG,1,1.0,7.774783867062388,East Asia & Pacific,middle,1,R1,R1,cleaned_primary,2
POL,0,1.0,9.426555056578307,Europe & Central Asia,low,0,R2,R2,cleaned_primary,2
PRT,0,1.0,9.86351147926796,Europe & Central Asia,low,0,R2,R2,cleaned_primary,2
PRY,1,1.0,8.66321686198826,Latin America & Caribbean,middle,0,R1,R1,cleaned_primary,2
PSE,1,1.0,8.110935824656933,"Middle East, North Africa, Afghanistan & Pakistan",low,0,R1,R1,cleaned_primary,2
PYF,0,1.0,9.867526593575151,East Asia & Pacific,middle,1,R2,R2,cleaned_primary,2
QAT,0,1.0,11.176048174575547,"Middle East, North Africa, Afghanistan & Pakistan",middle,0,R2,R2,cleaned_primary,2
ROU,1,1.0,9.094158104212319,Europe & Central Asia,low,0,R1,R1,cleaned_primary,2
RUS,1,1.0,9.150606054280543,Europe & Central Asia,middle,0,R1,R1,cleaned_primary,2
RWA,1,1.0,6.566397250863083,Sub-Saharan Africa,low,0,R1,R1,cleaned_primary,2
SAU,1,1.0,10.051688154747257,"Middle East, North Africa, Afghanistan & Pakistan",middle,0,R1,R1,cleaned_primary,2
SDN,1,1.0,7.161111714141296,Sub-Saharan Africa,middle,1,R1,R1,cleaned_primary,2
SEN,1,1.0,7.098566150391226,Sub-Saharan Africa,middle,0,R1,R1,cleaned_primary,2
SGP,0,1.0,10.919432038188502,East Asia & Pacific,middle,0,R2,R2,cleaned_primary,2
SLB,1,1.0,7.644262875455841,East Asia & Pacific,high,0,R1,R1,cleaned_primary,2
SLE,1,1.0,6.93619808476308,Sub-Saharan Africa,high,0,R1,R1,cleaned_primary,2
SLV,1,1.0,8.233498821524693,Latin America & Caribbean,high,0,R1,R1,cleaned_primary,2
SMR,0,1.0,10.66481431449868,Europe & Central Asia,low,0,R2,R2,cleaned_primary,2
SOM,1,1.0,6.0644653807131865,Sub-Saharan Africa,middle,1,R1,R1,cleaned_primary,2
SRB,1,1.0,8.679299953464417,Europe & Central Asia,low,0,R1,R1,cleaned_primary,2
SSD,1,1.0,7.026945862941712,Sub-Saharan Africa,high,0,R1,R1,cleaned_primary,2
STP,0,1.0,7.170303366268212,Sub-Saharan Africa,low,1,R2,R2,cleaned_primary,2
SUR,1,1.0,9.087361575282175,Latin America & Caribbean,middle,1,R1,R1,cleaned_primary,2
SVK,0,1.0,9.683731063417705,Europe & Central Asia,low,0,R2,R2,cleaned_primary,2
SVN,0,1.0,9.937175869157983,Europe & Central Asia,low,0,R2,R2,cleaned_primary,2
SWE,0,1.0,10.826049873210005,Europe & Central Asia,low,0,R2,R2,cleaned_primary,2
SWZ,1,1.0,8.133292035991886,Sub-Saharan Africa,low,0,R1,R1,cleaned_primary,2
SXM,0,1.0,10.535477252114754,Latin America & Caribbean,high,2,R2,R2,cleaned_primary,2
SYC,0,1.0,9.641964823698455,Sub-Saharan Africa,low,0,R2,R2,cleaned_primary,2
SYR,1,1.0,6.779738976258835,"Middle East, North Africa, Afghanistan & Pakistan",middle,1,R1,R1,cleaned_primary,2
TCA,0,1.0,10.344652622136897,Latin America & Caribbean,high,2,R2,R2,cleaned_primary,2
TCD,1,1.0,6.875045696643434,Sub-Saharan Africa,high,0,R1,R1,cleaned_primary,2
TGO,1,1.0,6.600250875913992,Sub-Saharan Africa,middle,0,R1,R1,cleaned_primary,2
THA,1,1.0,8.644069982102083,East Asia & Pacific,middle,0,R1,R1,cleaned_primary,2
TJK,1,1.0,6.847428894777813,Europe & Central Asia,high,0,R1,R1,cleaned_primary,2
TKM,1,1.0,8.620027639798938,Europe & Central Asia,high,1,R1,R1,cleaned_primary,2
TLS,1,1.0,7.167951994246782,East Asia & Pacific,middle,0,R1,R1,cleaned_primary,2
TON,0,1.0,8.335937313227541,East Asia & Pacific,middle,0,R2,R2,cleaned_primary,2
TTO,1,1.0,9.849967777989464,Latin America & Caribbean,high,1,R1,R1,cleaned_primary,2
TUN,1,1.0,8.292385330850015,"Middle East, North Africa, Afghanistan & Pakistan",low,0,R1,R1,cleaned_primary,2
TUR,1,1.0,9.284840641488662,Europe & Central Asia,low,0,R1,R1,cleaned_primary,2
TUV,0,1.0,8.086280957856376,East Asia & Pacific,middle,2,R2,R2,cleaned_primary,2
TZA,1,1.0,6.829989758226124,Sub-Saharan Africa,high,0,R1,R1,cleaned_primary,2
UGA,1,1.0,6.746378750762649,Sub-Saharan Africa,middle,0,R1,R1,cleaned_primary,2
UKR,1,1.0,7.727132302594295,Europe & Central Asia,low,0,R1,R1,cleaned_primary,2
URY,0,1.0,9.738541198078343,Latin America & Caribbean,high,0,R2,R2,cleaned_primary,2
UZB,1,1.0,7.90436122005168,Europe & Central Asia,middle,0,R1,R1,cleaned_primary,2
VCT,0,1.0,8.895019177442084,Latin America & Caribbean,middle,1,R2,R2,cleaned_primary,2
VEN,1,1.0,8.28202243257093,Latin America & Caribbean,high,1,R1,R1,cleaned_primary,2
VNM,1,1.0,7.829785645137189,East Asia & Pacific,high,0,R1,R1,cleaned_primary,2
VUT,0,1.0,7.95767004761221,East Asia & Pacific,low,0,R2,R2,cleaned_primary,2
WSM,0,1.0,8.326002184776387,East Asia & Pacific,middle,0,R2,R2,cleaned_primary,2
YEM,1,1.0,7.347818363374338,"Middle East, North Africa, Afghanistan & Pakistan",high,1,R1,R1,cleaned_primary,2
ZAF,1,1.0,8.720960447685385,Sub-Saharan Africa,middle,0,R1,R1,cleaned_primary,2
ZMB,1,1.0,7.163188901115266,Sub-Saharan Africa,middle,0,R1,R1,cleaned_primary,2
ZWE,1,1.0,7.231860642760185,Sub-Saharan Africa,middle,0,R1,R1,cleaned_primary,2
