test_id,outcome_key,outcome,regime,event_year,estimate,se,p_cluster,n_obs,n_countries
event_gvc_R1_2012,gvc,Adverse forward-GVC deviation stability,R1,2012,0.15657781953251318,0.3158337497350606,0.6231623693373599,396,36
event_gvc_R1_2013,gvc,Adverse forward-GVC deviation stability,R1,2013,0.07528355345306034,0.2412606941228509,0.7568597735606152,396,36
event_gvc_R1_2014,gvc,Adverse forward-GVC deviation stability,R1,2014,0.2662741712968696,0.18865048222404032,0.16693503890137187,396,36
event_gvc_R1_2015,gvc,Adverse forward-GVC deviation stability,R1,2015,0.23930863252578471,0.15295659620458282,0.12668568233098504,396,36
event_gvc_R1_2016,gvc,Adverse forward-GVC deviation stability,R1,2016,-0.04436574728567082,0.15660943547738665,0.7786241520297986,396,36
event_gvc_R1_2018,gvc,Adverse forward-GVC deviation stability,R1,2018,-0.1333030170961212,0.09198010678947818,0.15616673865460068,396,36
event_gvc_R1_2019,gvc,Adverse forward-GVC deviation stability,R1,2019,-0.2554695302396342,0.1729025087910532,0.14847507912247043,396,36
event_gvc_R1_2020,gvc,Adverse forward-GVC deviation stability,R1,2020,-0.044478910014346444,0.09785391694177474,0.6522440293701647,396,36
event_gvc_R1_2021,gvc,Adverse forward-GVC deviation stability,R1,2021,-0.11625191063811836,0.11203745419394623,0.3065643921568626,396,36
event_gvc_R1_2022,gvc,Adverse forward-GVC deviation stability,R1,2022,0.07757722516946403,0.09797116642534706,0.43378961780775915,396,36
event_gvc_R2_2012,gvc,Adverse forward-GVC deviation stability,R2,2012,0.00041506357818926753,0.21230976536014748,0.9984496257066742,462,42
event_gvc_R2_2013,gvc,Adverse forward-GVC deviation stability,R2,2013,0.07486371379286808,0.16744370636301603,0.6571575053169394,462,42
event_gvc_R2_2014,gvc,Adverse forward-GVC deviation stability,R2,2014,0.03725701993935585,0.15013419512127443,0.8052508047081207,462,42
event_gvc_R2_2015,gvc,Adverse forward-GVC deviation stability,R2,2015,-0.04965747428238067,0.054960704041711335,0.3715340950675874,462,42
event_gvc_R2_2016,gvc,Adverse forward-GVC deviation stability,R2,2016,-0.07238426771412215,0.0898559045423352,0.42514440630946193,462,42
event_gvc_R2_2018,gvc,Adverse forward-GVC deviation stability,R2,2018,-0.052438124010584536,0.057915562688482684,0.3705311335503562,462,42
event_gvc_R2_2019,gvc,Adverse forward-GVC deviation stability,R2,2019,0.07152340888489093,0.11059016491910743,0.5214027202609428,462,42
event_gvc_R2_2020,gvc,Adverse forward-GVC deviation stability,R2,2020,0.10636971313908133,0.09382957466451024,0.2635276212976941,462,42
event_gvc_R2_2021,gvc,Adverse forward-GVC deviation stability,R2,2021,0.07044122802480969,0.09212723491220036,0.4488835573459044,462,42
event_gvc_R2_2022,gvc,Adverse forward-GVC deviation stability,R2,2022,0.04409229095862868,0.07669646145030541,0.568504878897996,462,42
event_recovery_R1_2012,recovery,Log export recovery,R1,2012,0.07650666945007008,0.13524572539589136,0.5725600975613879,1473,134
event_recovery_R1_2013,recovery,Log export recovery,R1,2013,0.13773679918891424,0.09475832067010867,0.14842420786574667,1473,134
event_recovery_R1_2014,recovery,Log export recovery,R1,2014,0.07146589059500863,0.05646819821727617,0.2078705791150614,1473,134
event_recovery_R1_2015,recovery,Log export recovery,R1,2015,-0.01825195507877521,0.07007968697600864,0.7949227705110794,1473,134
event_recovery_R1_2016,recovery,Log export recovery,R1,2016,0.011574528720490695,0.06112241758217066,0.8500943851681395,1473,134
event_recovery_R1_2018,recovery,Log export recovery,R1,2018,-0.132446646923006,0.06084706873768367,0.03126741526317295,1473,134
event_recovery_R1_2019,recovery,Log export recovery,R1,2019,-0.10108022969525035,0.05011822993633616,0.04572578305784274,1473,134
event_recovery_R1_2020,recovery,Log export recovery,R1,2020,-0.13936454712834573,0.07046440890370986,0.05001835002324039,1473,134
event_recovery_R1_2021,recovery,Log export recovery,R1,2021,-0.08352604309736039,0.08412571131183845,0.32257538422807397,1473,134
event_recovery_R1_2022,recovery,Log export recovery,R1,2022,-0.08151182630428447,0.08323033542952282,0.329183983558851,1473,134
event_recovery_R2_2012,recovery,Log export recovery,R2,2012,0.05214216219953274,0.07620086977808553,0.4955047331980899,1034,94
event_recovery_R2_2013,recovery,Log export recovery,R2,2013,0.016082690195321325,0.051483077616527116,0.7554451115191254,1034,94
event_recovery_R2_2014,recovery,Log export recovery,R2,2014,0.0044267614662768795,0.04411432652056532,0.9202844739494469,1034,94
event_recovery_R2_2015,recovery,Log export recovery,R2,2015,0.05147785486471146,0.04236618699334694,0.22741548681229978,1034,94
event_recovery_R2_2016,recovery,Log export recovery,R2,2016,0.02671319653396978,0.03038147134213949,0.38152684338414766,1034,94
event_recovery_R2_2018,recovery,Log export recovery,R2,2018,-0.0008019297809439274,0.02957415661173543,0.9784253971890755,1034,94
event_recovery_R2_2019,recovery,Log export recovery,R2,2019,0.05651998468579336,0.06906408726099866,0.4152378633881251,1034,94
event_recovery_R2_2020,recovery,Log export recovery,R2,2020,-0.038096112035299,0.07149241550946861,0.5953950996079899,1034,94
event_recovery_R2_2021,recovery,Log export recovery,R2,2021,-0.06795662641187192,0.07029366034691917,0.3361747314877068,1034,94
event_recovery_R2_2022,recovery,Log export recovery,R2,2022,-0.08437287266737062,0.08071775189906501,0.29860162173363,1034,94
event_diversification_R1_2012,diversification,Partner diversification excluding US and China,R1,2012,0.021567504674599686,0.015566496486588664,0.16821630433155144,1473,134
event_diversification_R1_2013,diversification,Partner diversification excluding US and China,R1,2013,0.0028283421512695444,0.013766066754201589,0.8375288065843548,1473,134
event_diversification_R1_2014,diversification,Partner diversification excluding US and China,R1,2014,0.0057051065522999,0.016117597229543267,0.723923721253965,1473,134
event_diversification_R1_2015,diversification,Partner diversification excluding US and China,R1,2015,0.02127121131731001,0.01666393268172803,0.2040095509919579,1473,134
event_diversification_R1_2016,diversification,Partner diversification excluding US and China,R1,2016,-0.0038260329055403554,0.019742416419116334,0.8466300389436706,1473,134
event_diversification_R1_2018,diversification,Partner diversification excluding US and China,R1,2018,0.024075070837310506,0.014113425755247436,0.09037441641190304,1473,134
event_diversification_R1_2019,diversification,Partner diversification excluding US and China,R1,2019,0.01178585691260931,0.013717666677143402,0.39179064794717017,1473,134
event_diversification_R1_2020,diversification,Partner diversification excluding US and China,R1,2020,0.0156746122406387,0.016256511456955447,0.33669295660357423,1473,134
event_diversification_R1_2021,diversification,Partner diversification excluding US and China,R1,2021,0.010747141546634836,0.01868340415765203,0.5661117178583422,1473,134
event_diversification_R1_2022,diversification,Partner diversification excluding US and China,R1,2022,0.013197840285143717,0.02109774346104667,0.5326775231338585,1473,134
event_diversification_R2_2012,diversification,Partner diversification excluding US and China,R2,2012,0.012073069732383843,0.022041071299261326,0.5851735715005629,1034,94
event_diversification_R2_2013,diversification,Partner diversification excluding US and China,R2,2013,0.02364439319089325,0.01754449955425743,0.1810348520275642,1034,94
event_diversification_R2_2014,diversification,Partner diversification excluding US and China,R2,2014,0.011861791948748474,0.010211573512387995,0.24836948787860327,1034,94
event_diversification_R2_2015,diversification,Partner diversification excluding US and China,R2,2015,0.01543189363900966,0.013760651358109378,0.2649833393360685,1034,94
event_diversification_R2_2016,diversification,Partner diversification excluding US and China,R2,2016,-0.0005920938967431955,0.00575161349325523,0.9182290998913113,1034,94
event_diversification_R2_2018,diversification,Partner diversification excluding US and China,R2,2018,0.02112843737464562,0.019345933575860022,0.2775934425553264,1034,94
event_diversification_R2_2019,diversification,Partner diversification excluding US and China,R2,2019,0.0024174203680579695,0.02877297235338434,0.933223461939504,1034,94
event_diversification_R2_2020,diversification,Partner diversification excluding US and China,R2,2020,0.01939467403040033,0.021914140373758127,0.37842292625934415,1034,94
event_diversification_R2_2021,diversification,Partner diversification excluding US and China,R2,2021,-0.0021454388416169007,0.023246237314565946,0.92666466088792,1034,94
event_diversification_R2_2022,diversification,Partner diversification excluding US and China,R2,2022,0.009450813356256976,0.021994043784249673,0.6684087383103989,1034,94
