mode,dv,stratifier,group,coef,pvalue,n,pooled_coef,reversal,sig_reversal
raw,H1_DV1_Stability,_pooled,ALL,0.044348800851031406,0.7521548996748009,800,0.044348800851031406,0,0
raw,H1_DV1_Stability,size_q4,size_q4_3,0.9649669222711895,0.033435146427889986,240,0.044348800851031406,0,0
raw,H1_DV1_Stability,size_q4,size_q4_4,-0.28795616366062515,0.09303899684383728,520,0.044348800851031406,1,1
raw,H1_DV1_Stability,income_q4,income_q4_2,0.8752611458684431,0.05152863230738159,126,0.044348800851031406,0,0
raw,H1_DV1_Stability,income_q4,income_q4_4,-0.9480633404864629,0.030055986417920007,327,0.044348800851031406,1,1
raw,H1_DV1_Stability,income_q4,income_q4_3,-0.5140935544737686,0.11303196317999367,234,0.044348800851031406,1,0
raw,H1_DV1_Stability,income_q4,income_q4_1,1.523657687303302,0.016920569993942976,103,0.044348800851031406,0,0
raw,H1_DV1_Stability,eci_t3,eci_t3_1,1.3396622098147235,0.06611803393771316,115,0.044348800851031406,0,0
raw,H1_DV1_Stability,eci_t3,eci_t3_2,2.4288336053273323,0.04156017572154321,206,0.044348800851031406,0,0
raw,H1_DV1_Stability,eci_t3,eci_t3_3,-0.9293514672845312,0.019436750829781895,479,0.044348800851031406,1,1
raw,H1_DV1_Stability,coi_q4,coi_q4_3,0.47365131862091475,0.17198575960589407,204,0.044348800851031406,0,0
raw,H1_DV1_Stability,coi_q4,coi_q4_4,-0.7556840630140034,0.0006942190845289394,450,0.044348800851031406,1,1
raw,H1_DV1_Stability,wgi_q4,wgi_q4_1,1.5339596308055057,0.016621360092822793,106,0.044348800851031406,0,0
raw,H1_DV1_Stability,wgi_q4,wgi_q4_3,1.007701339170952,0.06277410077124697,161,0.044348800851031406,0,0
raw,H1_DV1_Stability,wgi_q4,wgi_q4_4,-0.42690756837972893,0.18164465951261555,349,0.044348800851031406,1,0
raw,H1_DV1_Stability,wgi_q4,wgi_q4_2,-0.16247329483825174,0.7748222257586839,174,0.044348800851031406,1,0
raw,H1_DV1_Stability,open_q4,open_q4_2,-0.01380435770167722,0.95868935200767,193,0.044348800851031406,1,0
raw,H1_DV1_Stability,open_q4,open_q4_1,-0.07593369642728032,0.7813497659457946,183,0.044348800851031406,1,0
raw,H1_DV1_Stability,open_q4,open_q4_4,-1.8763467790740418,0.007312010436276671,243,0.044348800851031406,1,1
raw,H1_DV1_Stability,open_q4,open_q4_3,1.3750082258488854,0.005878156228157313,135,0.044348800851031406,0,0
raw,H1_DV1_Stability,rents_q4,rents_q4_4,-0.15923268861218645,0.8379663975590471,91,0.044348800851031406,1,0
raw,H1_DV1_Stability,rents_q4,rents_q4_3,0.5875233502418147,0.12748639567886494,220,0.044348800851031406,0,0
raw,H1_DV1_Stability,rents_q4,rents_q4_2,-0.00990081543611133,0.9554677299574729,253,0.044348800851031406,1,0
raw,H1_DV1_Stability,rents_q4,rents_q4_1,0.929404116830539,0.3740884332180244,147,0.044348800851031406,0,0
raw,H1_DV1_Stability,tariff_q4,tariff_q4_3,0.5970437311267285,0.09953755583881205,117,0.044348800851031406,0,0
raw,H1_DV1_Stability,tariff_q4,tariff_q4_2,-0.4772614420363387,0.31776582357866606,240,0.044348800851031406,1,0
raw,H1_DV1_Stability,tariff_q4,tariff_q4_1,-0.35386229144743464,0.1614728011425732,273,0.044348800851031406,1,0
raw,H1_DV1_Stability,intensity_q4,intensity_q4_4,0.003614479593944675,0.981327879026196,180,0.044348800851031406,0,0
raw,H1_DV1_Stability,intensity_q4,intensity_q4_3,0.5309787342880787,0.07586592637371559,190,0.044348800851031406,0,0
raw,H1_DV1_Stability,gpr_time_q4,gprQ2,0.6092443477537564,0.2016235820183675,111,0.044348800851031406,0,0
raw,H1_DV1_Stability,gpr_time_q4,gprQ4,2.1661520952439592,0.003987035053005628,111,0.044348800851031406,0,0
raw,H1_DV1_Stability,gpr_time_q4,gprQ1,-0.21744654199977637,0.20872957061520905,467,0.044348800851031406,1,0
raw,H1_DV1_Stability,post_group,post,0.09687631364238511,0.600059286494803,320,0.044348800851031406,0,0
raw,H1_DV1_Stability,exposed_group,exposed,0.021751534906837428,0.8904981679826905,220,0.044348800851031406,0,0
raw,H2_DV2_ExportRecovery,_pooled,ALL,0.35731708007379265,0.5650332523782716,2529,0.35731708007379265,0,0
raw,H2_DV2_ExportRecovery,size_q4,size_q4_1,2.7284482523072793,0.38994093847838673,637,0.35731708007379265,0,0
raw,H2_DV2_ExportRecovery,size_q4,size_q4_2,-0.23895557441040244,0.002183795280533109,627,0.35731708007379265,1,1
raw,H2_DV2_ExportRecovery,size_q4,size_q4_3,-0.2577880083529927,7.082342267087185e-05,638,0.35731708007379265,1,1
raw,H2_DV2_ExportRecovery,size_q4,size_q4_4,0.010634329666219773,0.8056900827993687,627,0.35731708007379265,0,0
raw,H2_DV2_ExportRecovery,income_q4,income_q4_4,-0.08914518085259668,0.4474281712205085,558,0.35731708007379265,1,0
raw,H2_DV2_ExportRecovery,income_q4,income_q4_1,-0.3247524496769795,0.0029143576399892597,559,0.35731708007379265,1,1
raw,H2_DV2_ExportRecovery,income_q4,income_q4_2,0.5903924314820694,0.001758640106542123,558,0.35731708007379265,0,0
raw,H2_DV2_ExportRecovery,income_q4,income_q4_3,-0.6318439932098466,1.7397294872510093e-05,558,0.35731708007379265,1,1
raw,H2_DV2_ExportRecovery,eci_t3,eci_t3_2,0.3478447584885293,0.3847732646379884,845,0.35731708007379265,0,0
raw,H2_DV2_ExportRecovery,eci_t3,eci_t3_3,0.42700129596947856,0.3165525372312142,841,0.35731708007379265,0,0
raw,H2_DV2_ExportRecovery,eci_t3,eci_t3_1,0.6032246803320213,0.8539414237992685,843,0.35731708007379265,0,0
raw,H2_DV2_ExportRecovery,coi_q4,coi_q4_2,-0.3460003310013544,0.19582571990400588,631,0.35731708007379265,1,0
raw,H2_DV2_ExportRecovery,coi_q4,coi_q4_3,-0.12199222506204813,0.2498638134314845,633,0.35731708007379265,1,0
raw,H2_DV2_ExportRecovery,coi_q4,coi_q4_1,0.4677028864743234,0.908345302720949,634,0.35731708007379265,0,0
raw,H2_DV2_ExportRecovery,coi_q4,coi_q4_4,-0.2897303223983604,0.034537679672800914,631,0.35731708007379265,1,1
raw,H2_DV2_ExportRecovery,wgi_q4,wgi_q4_4,-0.021177720546645983,0.7893281609638187,552,0.35731708007379265,1,0
raw,H2_DV2_ExportRecovery,wgi_q4,wgi_q4_1,0.31383709834990725,0.023665243041423773,553,0.35731708007379265,0,0
raw,H2_DV2_ExportRecovery,wgi_q4,wgi_q4_2,-0.1556731238918077,0.0580933772667755,552,0.35731708007379265,1,1
raw,H2_DV2_ExportRecovery,wgi_q4,wgi_q4_3,-0.5638618644865844,1.0929112107294524e-05,552,0.35731708007379265,1,1
raw,H2_DV2_ExportRecovery,open_q4,open_q4_4,-0.23268540817997999,0.1915648913049852,493,0.35731708007379265,1,0
raw,H2_DV2_ExportRecovery,open_q4,open_q4_1,-0.044509415312954645,0.46078630882854604,493,0.35731708007379265,1,0
raw,H2_DV2_ExportRecovery,open_q4,open_q4_2,-0.0686530795824241,0.20157175518429413,493,0.35731708007379265,1,0
raw,H2_DV2_ExportRecovery,open_q4,open_q4_3,-0.3505990591302633,2.121876571164678e-05,492,0.35731708007379265,1,1
raw,H2_DV2_ExportRecovery,rents_q4,rents_q4_1,-0.3281276282140135,0.006706130613191374,505,0.35731708007379265,1,1
raw,H2_DV2_ExportRecovery,rents_q4,rents_q4_2,-0.01738429583133959,0.8883968527318418,504,0.35731708007379265,1,0
raw,H2_DV2_ExportRecovery,rents_q4,rents_q4_4,-0.017095881756495346,0.8871578117140958,504,0.35731708007379265,1,0
raw,H2_DV2_ExportRecovery,rents_q4,rents_q4_3,-0.19950842030390298,2.6228401618934914e-06,504,0.35731708007379265,1,1
raw,H2_DV2_ExportRecovery,tariff_q4,tariff_q4_4,-0.4653494187998983,1.484677425978613e-05,403,0.35731708007379265,1,1
raw,H2_DV2_ExportRecovery,tariff_q4,tariff_q4_3,-0.10562632447530422,0.22181578193239376,402,0.35731708007379265,1,0
raw,H2_DV2_ExportRecovery,tariff_q4,tariff_q4_1,-0.12989142854000774,0.03765283699842447,410,0.35731708007379265,1,1
raw,H2_DV2_ExportRecovery,tariff_q4,tariff_q4_2,-0.010764869552883916,0.8980916820318081,395,0.35731708007379265,1,0
raw,H2_DV2_ExportRecovery,intensity_q4,intensity_q4_4,2.002199139385621,0.23713618576290577,627,0.35731708007379265,0,0
raw,H2_DV2_ExportRecovery,intensity_q4,intensity_q4_3,-0.27341492191343886,2.843471678848134e-05,638,0.35731708007379265,1,1
raw,H2_DV2_ExportRecovery,gpr_time_q4,gprQ2,1.4349140609731954,0.48180422013342433,743,0.35731708007379265,0,0
raw,H2_DV2_ExportRecovery,gpr_time_q4,gprQ4,-0.3041842136964603,0.07672871709447301,558,0.35731708007379265,1,1
raw,H2_DV2_ExportRecovery,gpr_time_q4,gprQ1,-0.012687914693120068,0.726769917088455,670,0.35731708007379265,1,0
raw,H2_DV2_ExportRecovery,post_group,post,-0.13031505678154365,0.09571767853914682,920,0.35731708007379265,1,1
raw,H2_DV2_ExportRecovery,exposed_group,exposed,1.3622550789818504,0.2745128443777038,847,0.35731708007379265,0,0
raw,H3_DV3_Diversification,_pooled,ALL,-0.01557736641902367,0.11255818804901206,2529,-0.01557736641902367,0,0
raw,H3_DV3_Diversification,size_q4,size_q4_1,-0.038085976513987395,0.19829280733781193,637,-0.01557736641902367,0,0
raw,H3_DV3_Diversification,size_q4,size_q4_2,-0.01894521913345992,0.37423278415261807,627,-0.01557736641902367,0,0
raw,H3_DV3_Diversification,size_q4,size_q4_3,0.07004379719566134,0.00022279283152687544,638,-0.01557736641902367,1,1
raw,H3_DV3_Diversification,size_q4,size_q4_4,-0.014589773781573535,0.3345609302204685,627,-0.01557736641902367,0,0
raw,H3_DV3_Diversification,income_q4,income_q4_4,0.06072525050717121,0.06737234316791656,558,-0.01557736641902367,1,1
raw,H3_DV3_Diversification,income_q4,income_q4_1,-0.009031338745915997,0.7516451822949779,559,-0.01557736641902367,0,0
raw,H3_DV3_Diversification,income_q4,income_q4_2,0.14478109790280086,0.00011185806860685709,558,-0.01557736641902367,1,1
raw,H3_DV3_Diversification,income_q4,income_q4_3,0.02749361734305039,0.27347006779325594,558,-0.01557736641902367,1,0
raw,H3_DV3_Diversification,eci_t3,eci_t3_2,-0.08813357882284693,0.18463260007751198,845,-0.01557736641902367,0,0
raw,H3_DV3_Diversification,eci_t3,eci_t3_3,0.09088935870354688,0.05629759471607567,841,-0.01557736641902367,1,1
raw,H3_DV3_Diversification,eci_t3,eci_t3_1,0.018379554904390066,0.5402946455070992,843,-0.01557736641902367,1,0
raw,H3_DV3_Diversification,coi_q4,coi_q4_2,-0.01705454653047981,0.5454788725316299,631,-0.01557736641902367,0,0
raw,H3_DV3_Diversification,coi_q4,coi_q4_3,-0.021912444199777226,0.27049151924194037,633,-0.01557736641902367,0,0
raw,H3_DV3_Diversification,coi_q4,coi_q4_1,-0.00527901534326357,0.8842745898338698,634,-0.01557736641902367,0,0
raw,H3_DV3_Diversification,coi_q4,coi_q4_4,-0.05694782918932323,0.048554339110116966,631,-0.01557736641902367,0,0
raw,H3_DV3_Diversification,wgi_q4,wgi_q4_4,-0.04667046449679382,0.053223058794790806,552,-0.01557736641902367,0,0
raw,H3_DV3_Diversification,wgi_q4,wgi_q4_1,-0.012346797405335007,0.6227659327235069,553,-0.01557736641902367,0,0
raw,H3_DV3_Diversification,wgi_q4,wgi_q4_2,-0.044678758440240066,0.05135567731153736,552,-0.01557736641902367,0,0
raw,H3_DV3_Diversification,wgi_q4,wgi_q4_3,0.07178933032762877,0.01219469944378342,552,-0.01557736641902367,1,1
raw,H3_DV3_Diversification,open_q4,open_q4_4,0.05147757829969169,0.00977750857618473,493,-0.01557736641902367,1,1
raw,H3_DV3_Diversification,open_q4,open_q4_1,-0.009432035734981213,0.6088440796692599,493,-0.01557736641902367,0,0
raw,H3_DV3_Diversification,open_q4,open_q4_2,-0.04491985147663445,0.02618054520365515,493,-0.01557736641902367,0,0
raw,H3_DV3_Diversification,open_q4,open_q4_3,-0.03940710683961912,0.09512558137046477,492,-0.01557736641902367,0,0
raw,H3_DV3_Diversification,rents_q4,rents_q4_1,0.036019121972593215,0.26606176751530136,505,-0.01557736641902367,1,0
raw,H3_DV3_Diversification,rents_q4,rents_q4_2,0.019612574551263903,0.42940298696038226,504,-0.01557736641902367,1,0
raw,H3_DV3_Diversification,rents_q4,rents_q4_4,0.013363293832728294,0.6739016863046575,504,-0.01557736641902367,1,0
raw,H3_DV3_Diversification,rents_q4,rents_q4_3,-0.04710393407819959,0.02476798878230319,504,-0.01557736641902367,0,0
raw,H3_DV3_Diversification,tariff_q4,tariff_q4_4,-0.006223029836750195,0.7464396906363394,403,-0.01557736641902367,0,0
raw,H3_DV3_Diversification,tariff_q4,tariff_q4_3,0.04369544952710797,0.11351694532240017,402,-0.01557736641902367,1,0
raw,H3_DV3_Diversification,tariff_q4,tariff_q4_1,-0.09284909459346172,0.00036965661726797724,410,-0.01557736641902367,0,0
raw,H3_DV3_Diversification,tariff_q4,tariff_q4_2,-0.016028276451810278,0.45951932764643,395,-0.01557736641902367,0,0
raw,H3_DV3_Diversification,intensity_q4,intensity_q4_4,-0.04352037467404445,0.004882812698631497,627,-0.01557736641902367,0,0
raw,H3_DV3_Diversification,intensity_q4,intensity_q4_3,0.014801839941207552,0.2652334901926987,638,-0.01557736641902367,1,0
raw,H3_DV3_Diversification,gpr_time_q4,gprQ2,-0.010311210293995041,0.5847263627700999,743,-0.01557736641902367,0,0
raw,H3_DV3_Diversification,gpr_time_q4,gprQ4,-0.02229308038595174,0.36303982438411136,558,-0.01557736641902367,0,0
raw,H3_DV3_Diversification,gpr_time_q4,gprQ1,-0.0098415366976111,0.4669208938957232,670,-0.01557736641902367,0,0
raw,H3_DV3_Diversification,post_group,post,-0.011489469171148962,0.32553236023229265,920,-0.01557736641902367,0,0
raw,H3_DV3_Diversification,exposed_group,exposed,-0.02720206342497409,0.032469234462228824,847,-0.01557736641902367,0,0
controlled_yearfe,H1_DV1_Stability,_pooled,ALL,-0.26387755072227276,0.08281490647409583,679,-0.26387755072227276,0,0
controlled_yearfe,H1_DV1_Stability,size_q4,size_q4_3,-0.570724466925272,0.28396005275253783,202,-0.26387755072227276,0,0
controlled_yearfe,H1_DV1_Stability,size_q4,size_q4_4,-0.12167333793441296,0.5143186026477299,450,-0.26387755072227276,0,0
controlled_yearfe,H1_DV1_Stability,income_q4,income_q4_2,0.7818447981814715,0.09476038241225407,100,-0.26387755072227276,1,1
controlled_yearfe,H1_DV1_Stability,income_q4,income_q4_4,-0.9995005778350972,0.03247338958190538,292,-0.26387755072227276,0,0
controlled_yearfe,H1_DV1_Stability,income_q4,income_q4_3,-0.16761617420911656,0.600511225549594,212,-0.26387755072227276,0,0
controlled_yearfe,H1_DV1_Stability,eci_t3,eci_t3_1,-0.8717752146921776,0.2946546937415462,82,-0.26387755072227276,0,0
controlled_yearfe,H1_DV1_Stability,eci_t3,eci_t3_2,1.7499138437640742,0.2157703124061292,178,-0.26387755072227276,1,0
controlled_yearfe,H1_DV1_Stability,eci_t3,eci_t3_3,-0.6234423532224994,0.14759562096971612,419,-0.26387755072227276,0,0
controlled_yearfe,H1_DV1_Stability,coi_q4,coi_q4_3,0.31370525721466513,0.42844201246787833,172,-0.26387755072227276,1,0
controlled_yearfe,H1_DV1_Stability,coi_q4,coi_q4_4,-0.3798648292000907,0.11403382468827777,399,-0.26387755072227276,0,0
controlled_yearfe,H1_DV1_Stability,wgi_q4,wgi_q4_3,1.5921179745627474,0.0012740205990641356,144,-0.26387755072227276,1,1
controlled_yearfe,H1_DV1_Stability,wgi_q4,wgi_q4_4,-0.5636663965210919,0.06313952838980995,315,-0.26387755072227276,0,0
controlled_yearfe,H1_DV1_Stability,wgi_q4,wgi_q4_2,-0.05650179008528459,0.925294201755126,146,-0.26387755072227276,0,0
controlled_yearfe,H1_DV1_Stability,open_q4,open_q4_2,-0.3681557583573086,0.15784186713950854,181,-0.26387755072227276,0,0
controlled_yearfe,H1_DV1_Stability,open_q4,open_q4_1,0.019564653618671757,0.9370058792773082,167,-0.26387755072227276,1,0
controlled_yearfe,H1_DV1_Stability,open_q4,open_q4_4,-1.0811256927954744,0.0929787518124938,214,-0.26387755072227276,0,0
controlled_yearfe,H1_DV1_Stability,open_q4,open_q4_3,0.46248121315761453,0.5873866388256886,117,-0.26387755072227276,1,0
controlled_yearfe,H1_DV1_Stability,rents_q4,rents_q4_4,-0.9511160703229907,0.2769929554603391,82,-0.26387755072227276,0,0
controlled_yearfe,H1_DV1_Stability,rents_q4,rents_q4_3,1.1209067511213195,0.009748793354453764,197,-0.26387755072227276,1,1
controlled_yearfe,H1_DV1_Stability,rents_q4,rents_q4_2,0.04887530038170615,0.7785442479193616,253,-0.26387755072227276,1,0
controlled_yearfe,H1_DV1_Stability,rents_q4,rents_q4_1,1.3207843010408753,0.22825924159004057,147,-0.26387755072227276,1,0
controlled_yearfe,H1_DV1_Stability,tariff_q4,tariff_q4_3,0.8820536950920133,0.024833864911624374,103,-0.26387755072227276,1,1
controlled_yearfe,H1_DV1_Stability,tariff_q4,tariff_q4_2,-0.05219039835023358,0.899623260143812,231,-0.26387755072227276,0,0
controlled_yearfe,H1_DV1_Stability,tariff_q4,tariff_q4_1,-0.2060901579218559,0.532750892519505,219,-0.26387755072227276,0,0
controlled_yearfe,H1_DV1_Stability,intensity_q4,intensity_q4_4,0.05318254728062019,0.779753741702935,144,-0.26387755072227276,1,0
controlled_yearfe,H1_DV1_Stability,intensity_q4,intensity_q4_3,-0.29978381713083824,0.27399414733989835,157,-0.26387755072227276,0,0
controlled_yearfe,H1_DV1_Stability,gpr_time_q4,gprQ2,0.24449570107265778,0.590454449702171,100,-0.26387755072227276,1,0
controlled_yearfe,H1_DV1_Stability,gpr_time_q4,gprQ1,-0.18619968685512717,0.3168390583428687,411,-0.26387755072227276,0,0
controlled_yearfe,H1_DV1_Stability,post_group,post,-0.2795270210013214,0.18871148915402733,225,-0.26387755072227276,0,0
controlled_yearfe,H1_DV1_Stability,exposed_group,exposed,-0.22428451504920244,0.19606576211971946,180,-0.26387755072227276,0,0
controlled_yearfe,H2_DV2_ExportRecovery,_pooled,ALL,-0.1145195526599526,0.004515047137094463,1729,-0.1145195526599526,0,0
controlled_yearfe,H2_DV2_ExportRecovery,size_q4,size_q4_1,-0.7197585003728696,0.01730392819107975,210,-0.1145195526599526,0,0
controlled_yearfe,H2_DV2_ExportRecovery,size_q4,size_q4_2,-0.169747560915264,0.0690397973882964,437,-0.1145195526599526,0,0
controlled_yearfe,H2_DV2_ExportRecovery,size_q4,size_q4_3,-0.16918758712125853,0.004169920212038361,533,-0.1145195526599526,0,0
controlled_yearfe,H2_DV2_ExportRecovery,size_q4,size_q4_4,-0.06723896071407225,0.05434843678061465,549,-0.1145195526599526,0,0
controlled_yearfe,H2_DV2_ExportRecovery,income_q4,income_q4_4,0.0724957079317024,0.530396668400888,425,-0.1145195526599526,1,0
controlled_yearfe,H2_DV2_ExportRecovery,income_q4,income_q4_1,-0.23542932617855986,0.03949254814055293,448,-0.1145195526599526,0,0
controlled_yearfe,H2_DV2_ExportRecovery,income_q4,income_q4_2,0.12199129483818667,0.4123881313201581,442,-0.1145195526599526,1,0
controlled_yearfe,H2_DV2_ExportRecovery,income_q4,income_q4_3,-0.017615371458782482,0.9068736496068867,414,-0.1145195526599526,0,0
controlled_yearfe,H2_DV2_ExportRecovery,eci_t3,eci_t3_2,0.14662616491664981,0.6521260431268537,559,-0.1145195526599526,1,0
controlled_yearfe,H2_DV2_ExportRecovery,eci_t3,eci_t3_3,0.13879882655438147,0.3946898248280386,556,-0.1145195526599526,1,0
controlled_yearfe,H2_DV2_ExportRecovery,eci_t3,eci_t3_1,-0.3326765735968276,0.004128635757220245,614,-0.1145195526599526,0,0
controlled_yearfe,H2_DV2_ExportRecovery,coi_q4,coi_q4_2,-0.5296802425299507,0.000762176571883932,344,-0.1145195526599526,0,0
controlled_yearfe,H2_DV2_ExportRecovery,coi_q4,coi_q4_3,-0.06861030735466903,0.635184527884302,408,-0.1145195526599526,0,0
controlled_yearfe,H2_DV2_ExportRecovery,coi_q4,coi_q4_1,-0.34477439503658724,0.042679354251990285,444,-0.1145195526599526,0,0
controlled_yearfe,H2_DV2_ExportRecovery,coi_q4,coi_q4_4,-0.010138482706861596,0.7842367447352514,533,-0.1145195526599526,0,0
controlled_yearfe,H2_DV2_ExportRecovery,wgi_q4,wgi_q4_4,0.027802593720155366,0.6954086887099067,456,-0.1145195526599526,1,0
controlled_yearfe,H2_DV2_ExportRecovery,wgi_q4,wgi_q4_1,0.4646579805407531,0.011914895947270557,407,-0.1145195526599526,1,1
controlled_yearfe,H2_DV2_ExportRecovery,wgi_q4,wgi_q4_2,-0.008608936802316454,0.8630098445207969,457,-0.1145195526599526,0,0
controlled_yearfe,H2_DV2_ExportRecovery,wgi_q4,wgi_q4_3,-0.43770992582635176,0.00043458755747660037,409,-0.1145195526599526,0,0
controlled_yearfe,H2_DV2_ExportRecovery,open_q4,open_q4_4,-0.38472036178294433,0.0054550197753353855,419,-0.1145195526599526,0,0
controlled_yearfe,H2_DV2_ExportRecovery,open_q4,open_q4_1,-0.013479864340781883,0.8377034866514662,444,-0.1145195526599526,0,0
controlled_yearfe,H2_DV2_ExportRecovery,open_q4,open_q4_3,-0.3128778889410648,0.00016343563202207259,428,-0.1145195526599526,0,0
controlled_yearfe,H2_DV2_ExportRecovery,open_q4,open_q4_2,-0.08353356026125337,0.127652258981755,438,-0.1145195526599526,0,0
controlled_yearfe,H2_DV2_ExportRecovery,rents_q4,rents_q4_1,-0.3325982790238529,0.009102858540893946,359,-0.1145195526599526,0,0
controlled_yearfe,H2_DV2_ExportRecovery,rents_q4,rents_q4_2,0.09105363902289623,0.4707496754062481,470,-0.1145195526599526,1,0
controlled_yearfe,H2_DV2_ExportRecovery,rents_q4,rents_q4_4,-0.02594180750808306,0.8249822429290586,436,-0.1145195526599526,0,0
controlled_yearfe,H2_DV2_ExportRecovery,rents_q4,rents_q4_3,-0.2001559261011649,5.149143752883508e-07,464,-0.1145195526599526,0,0
controlled_yearfe,H2_DV2_ExportRecovery,tariff_q4,tariff_q4_4,-0.4584554032704031,0.00014254343475072524,282,-0.1145195526599526,0,0
controlled_yearfe,H2_DV2_ExportRecovery,tariff_q4,tariff_q4_3,0.01889002478671554,0.8321958635959588,319,-0.1145195526599526,1,0
controlled_yearfe,H2_DV2_ExportRecovery,tariff_q4,tariff_q4_1,-0.03575192764942363,0.5557673300028614,350,-0.1145195526599526,0,0
controlled_yearfe,H2_DV2_ExportRecovery,tariff_q4,tariff_q4_2,-0.08935339628871916,0.049844961593713814,363,-0.1145195526599526,0,0
controlled_yearfe,H2_DV2_ExportRecovery,intensity_q4,intensity_q4_4,-0.04620827842243803,0.5063198968025573,402,-0.1145195526599526,0,0
controlled_yearfe,H2_DV2_ExportRecovery,intensity_q4,intensity_q4_3,-0.2955519143011437,0.0002282568856736076,454,-0.1145195526599526,0,0
controlled_yearfe,H2_DV2_ExportRecovery,gpr_time_q4,gprQ2,-0.0881041253250681,0.4442648497360636,512,-0.1145195526599526,0,0
controlled_yearfe,H2_DV2_ExportRecovery,gpr_time_q4,gprQ1,-0.11536238989233702,0.0015133578143409381,556,-0.1145195526599526,0,0
controlled_yearfe,H2_DV2_ExportRecovery,post_group,post,-0.10311266478824506,0.11580474463223318,519,-0.1145195526599526,0,0
controlled_yearfe,H2_DV2_ExportRecovery,exposed_group,exposed,-0.10557939005923618,0.07565259923120268,569,-0.1145195526599526,0,0
controlled_yearfe,H3_DV3_Diversification,_pooled,ALL,-0.013242576157408757,0.2384590262144647,1729,-0.013242576157408757,0,0
controlled_yearfe,H3_DV3_Diversification,size_q4,size_q4_1,-0.04192751355221313,0.3372879697776533,210,-0.013242576157408757,0,0
controlled_yearfe,H3_DV3_Diversification,size_q4,size_q4_2,-0.049809821181405686,0.12399851979603234,437,-0.013242576157408757,0,0
controlled_yearfe,H3_DV3_Diversification,size_q4,size_q4_3,0.07884507817022023,0.00011297447760893193,533,-0.013242576157408757,1,1
controlled_yearfe,H3_DV3_Diversification,size_q4,size_q4_4,0.016765358353102267,0.19582608162909498,549,-0.013242576157408757,1,0
controlled_yearfe,H3_DV3_Diversification,income_q4,income_q4_4,0.010745672947984149,0.6661836485632151,425,-0.013242576157408757,1,0
controlled_yearfe,H3_DV3_Diversification,income_q4,income_q4_1,-0.006562912089823361,0.849467031511826,448,-0.013242576157408757,0,0
controlled_yearfe,H3_DV3_Diversification,income_q4,income_q4_2,0.09501792412527205,0.020859259691220346,442,-0.013242576157408757,1,1
controlled_yearfe,H3_DV3_Diversification,income_q4,income_q4_3,0.078627714265823,0.012325034571135507,414,-0.013242576157408757,1,1
controlled_yearfe,H3_DV3_Diversification,eci_t3,eci_t3_2,-0.12831674417663136,0.11702232383052899,559,-0.013242576157408757,0,0
controlled_yearfe,H3_DV3_Diversification,eci_t3,eci_t3_3,0.10046225562831992,0.004369896147424201,556,-0.013242576157408757,1,1
controlled_yearfe,H3_DV3_Diversification,eci_t3,eci_t3_1,-0.006965204275619521,0.8419255416933876,614,-0.013242576157408757,0,0
controlled_yearfe,H3_DV3_Diversification,coi_q4,coi_q4_2,-0.044250515055264075,0.23487763376318607,344,-0.013242576157408757,0,0
controlled_yearfe,H3_DV3_Diversification,coi_q4,coi_q4_3,-0.028317073470131127,0.16289973815395578,408,-0.013242576157408757,0,0
controlled_yearfe,H3_DV3_Diversification,coi_q4,coi_q4_1,-0.07486710245618458,0.1333325208997477,444,-0.013242576157408757,0,0
controlled_yearfe,H3_DV3_Diversification,coi_q4,coi_q4_4,-0.06077446254614647,0.06204493409987322,533,-0.013242576157408757,0,0
controlled_yearfe,H3_DV3_Diversification,wgi_q4,wgi_q4_4,-0.0067720294296602646,0.7649766704349343,456,-0.013242576157408757,0,0
controlled_yearfe,H3_DV3_Diversification,wgi_q4,wgi_q4_1,0.011681218339595376,0.7672172302925353,407,-0.013242576157408757,1,0
controlled_yearfe,H3_DV3_Diversification,wgi_q4,wgi_q4_2,-0.007105531426894301,0.7877888737641782,457,-0.013242576157408757,0,0
controlled_yearfe,H3_DV3_Diversification,wgi_q4,wgi_q4_3,0.07825052676734695,0.009800748429394593,409,-0.013242576157408757,1,1
controlled_yearfe,H3_DV3_Diversification,open_q4,open_q4_4,0.047764085189821094,0.025048185536001424,419,-0.013242576157408757,1,1
controlled_yearfe,H3_DV3_Diversification,open_q4,open_q4_1,-0.02849670380667503,0.15532732543198688,444,-0.013242576157408757,0,0
controlled_yearfe,H3_DV3_Diversification,open_q4,open_q4_3,-0.028212529756357935,0.336444805218599,428,-0.013242576157408757,0,0
controlled_yearfe,H3_DV3_Diversification,open_q4,open_q4_2,-0.019504133509197687,0.3873563358283638,438,-0.013242576157408757,0,0
controlled_yearfe,H3_DV3_Diversification,rents_q4,rents_q4_1,0.040752917698140795,0.1806686809762472,359,-0.013242576157408757,1,0
controlled_yearfe,H3_DV3_Diversification,rents_q4,rents_q4_2,0.02322946972477133,0.33512174443502024,470,-0.013242576157408757,1,0
controlled_yearfe,H3_DV3_Diversification,rents_q4,rents_q4_4,-0.009323995363381792,0.7670157573289974,436,-0.013242576157408757,0,0
controlled_yearfe,H3_DV3_Diversification,rents_q4,rents_q4_3,-0.019124561772503972,0.36349174442364085,464,-0.013242576157408757,0,0
controlled_yearfe,H3_DV3_Diversification,tariff_q4,tariff_q4_4,-0.010039702365449592,0.675531106843498,282,-0.013242576157408757,0,0
controlled_yearfe,H3_DV3_Diversification,tariff_q4,tariff_q4_3,-0.0014281177838451585,0.9620248217812515,319,-0.013242576157408757,0,0
controlled_yearfe,H3_DV3_Diversification,tariff_q4,tariff_q4_1,-0.08466380520242002,0.008520859427074744,350,-0.013242576157408757,0,0
controlled_yearfe,H3_DV3_Diversification,tariff_q4,tariff_q4_2,-0.010079059931582063,0.6731394916266967,363,-0.013242576157408757,0,0
controlled_yearfe,H3_DV3_Diversification,intensity_q4,intensity_q4_4,-0.015231346774425815,0.22512307077916363,402,-0.013242576157408757,0,0
controlled_yearfe,H3_DV3_Diversification,intensity_q4,intensity_q4_3,0.010217818015142776,0.5706340828137079,454,-0.013242576157408757,1,0
controlled_yearfe,H3_DV3_Diversification,gpr_time_q4,gprQ2,-0.015377004158991726,0.49698248341101536,512,-0.013242576157408757,0,0
controlled_yearfe,H3_DV3_Diversification,gpr_time_q4,gprQ1,0.0004288638006052156,0.9732555546817504,556,-0.013242576157408757,1,0
controlled_yearfe,H3_DV3_Diversification,post_group,post,-0.01606647263723138,0.2434396274871532,519,-0.013242576157408757,0,0
controlled_yearfe,H3_DV3_Diversification,exposed_group,exposed,-0.0037948251094499143,0.7466916323685996,569,-0.013242576157408757,0,0
